,결제수단,배송번호,배송시작일,배송완료일,상품구매금액,상품번호,수량,주문경로,주문일,연도,월,요일,주차,주중/주말,배송시작일(date),배송완료일(date),배송기간,배송기간(int)
47,적립금,D-20190101-0000106-01,2019-01-03 오전 9:30,2019-01-13 오전 7:19,68970,38.0,1,네이버 페이,2019-01-01,2019,1,Tuesday,1,주중,2019-01-03,2019-01-13,10 days,10
132,카드,D-20190102-0000463-01,2019-01-03 오후 6:20,2019-01-28 오후 4:33,388080,1217.0,3,네이버 페이,2019-01-02,2019,1,Wednesday,1,주중,2019-01-03,2019-01-28,25 days,25
134,카드,D-20190102-0000498-01,2019-01-03 오후 6:20,2019-01-28 오후 4:15,129360,1217.0,1,네이버 페이,2019-01-02,2019,1,Wednesday,1,주중,2019-01-03,2019-01-28,25 days,25
193,카드,D-20190102-0000938-01,2019-01-03 오후 6:20,2019-01-13 오전 4:38,82170,380.0,1,네이버 페이,2019-01-02,2019,1,Wednesday,1,주중,2019-01-03,2019-01-13,10 days,10
194,카드,D-20190102-0000938-02,2019-01-03 오후 6:20,2019-01-13 오전 4:38,77220,379.0,1,네이버 페이,2019-01-02,2019,1,Wednesday,1,주중,2019-01-03,2019-01-13,10 days,10
195,카드,D-20190102-0000938-03,2019-01-03 오후 6:20,2019-01-13 오전 4:38,72270,378.0,1,네이버 페이,2019-01-02,2019,1,Wednesday,1,주중,2019-01-03,2019-01-13,10 days,10
223,카드,D-20190103-0000012-01,2019-01-03 오후 6:20,2019-01-12 오전 11:23,56760,172.0,1,네이버 페이,2019-01-03,2019,1,Thursday,1,주중,2019-01-03,2019-01-12,9 days,9
228,카드,D-20190103-0000081-00,2019-01-03 오후 6:19,2019-01-11 오전 5:32,94930,937.0,1,모바일웹,2019-01-03,2019,1,Thursday,1,주중,2019-01-03,2019-01-11,8 days,8
264,카드,D-20190103-0000392-01,2019-01-03 오후 6:20,2019-01-10 오후 1:15,22110,205.0,1,네이버 페이,2019-01-03,2019,1,Thursday,1,주중,2019-01-03,2019-01-10,7 days,7
265,카드,D-20190103-0000392-02,2019-01-03 오후 6:20,2019-01-10 오후 1:15,78210,397.0,1,네이버 페이,2019-01-03,2019,1,Thursday,1,주중,2019-01-03,2019-01-10,7 days,7
283,무통장입금,D-20190103-0000514-01,2019-01-03 오후 6:20,2019-01-12 오후 3:16,70620,42.0,1,네이버 페이,2019-01-03,2019,1,Thursday,1,주중,2019-01-03,2019-01-12,9 days,9
343,카드,D-20190103-0000879-01,2019-01-07 오전 8:58,2019-01-15 오전 1:46,81350,481.0,1,네이버 페이,2019-01-03,2019,1,Thursday,1,주중,2019-01-07,2019-01-15,8 days,8
370,카드,D-20190103-0001061-01,2019-01-07 오전 8:58,2019-01-15 오전 1:31,119020,88.0,1,네이버 페이,2019-01-03,2019,1,Thursday,1,주중,2019-01-07,2019-01-15,8 days,8
458,카드,D-20190104-0000735-01,2019-01-08 오전 8:44,2019-01-16 오전 2:12,132500,92.0,1,네이버 페이,2019-01-04,2019,1,Friday,1,주중,2019-01-08,2019-01-16,8 days,8
462,카드,D-20190104-0000765-01,2019-01-08 오전 8:44,2019-01-16 오전 2:13,131450,596.0,1,네이버 페이,2019-01-04,2019,1,Friday,1,주중,2019-01-08,2019-01-16,8 days,8
463,카드,D-20190104-0000765-02,2019-01-08 오전 8:44,2019-01-16 오전 2:13,99660,1236.0,1,네이버 페이,2019-01-04,2019,1,Friday,1,주중,2019-01-08,2019-01-16,8 days,8
464,카드,D-20190104-0000765-03,2019-01-08 오전 8:44,2019-01-16 오전 2:13,42350,1283.0,1,네이버 페이,2019-01-04,2019,1,Friday,1,주중,2019-01-08,2019-01-16,8 days,8
465,카드,D-20190104-0000765-04,2019-01-08 오전 8:44,2019-01-16 오전 2:13,38320,1297.0,1,네이버 페이,2019-01-04,2019,1,Friday,1,주중,2019-01-08,2019-01-16,8 days,8
466,카드,D-20190104-0000765-05,2019-01-08 오전 8:44,2019-01-16 오전 2:13,64020,1325.0,1,네이버 페이,2019-01-04,2019,1,Friday,1,주중,2019-01-08,2019-01-16,8 days,8
467,카드,D-20190104-0000765-06,2019-01-08 오전 8:44,2019-01-16 오전 2:13,78870,603.0,1,네이버 페이,2019-01-04,2019,1,Friday,1,주중,2019-01-08,2019-01-16,8 days,8
476,카드,D-20190104-0000843-01,2019-01-08 오전 8:44,2019-01-28 오후 6:23,185900,939.0,2,네이버 페이,2019-01-04,2019,1,Friday,1,주중,2019-01-08,2019-01-28,20 days,20
489,카드,D-20190104-0000960-01,2019-01-08 오전 8:44,2019-01-17 오전 2:10,68530,1312.0,1,네이버 페이,2019-01-04,2019,1,Friday,1,주중,2019-01-08,2019-01-17,9 days,9
515,실시간계좌이체,D-20190105-0000266-01,2019-01-08 오전 8:44,2019-01-16 오전 5:34,87120,188.0,1,네이버 페이,2019-01-05,2019,1,Saturday,1,주말,2019-01-08,2019-01-16,8 days,8
537,카드,D-20190106-0000221-01,2019-01-08 오전 8:44,2019-01-16 오전 6:55,78870,603.0,1,네이버 페이,2019-01-06,2019,1,Sunday,1,주말,2019-01-08,2019-01-16,8 days,8
557,카드,D-20190106-0000364-01,2019-01-08 오전 8:44,2019-01-16 오전 7:32,72270,378.0,1,네이버 페이,2019-01-06,2019,1,Sunday,1,주말,2019-01-08,2019-01-16,8 days,8
561,카드,D-20190106-0000399-01,2019-01-08 오전 8:44,2019-01-16 오전 7:41,56760,447.0,1,네이버 페이,2019-01-06,2019,1,Sunday,1,주말,2019-01-08,2019-01-16,8 days,8
656,무통장입금,D-20190107-0000649-01,2019-01-08 오후 6:58,2019-01-16 오후 3:33,74120,254.0,1,네이버 페이,2019-01-07,2019,1,Monday,2,주중,2019-01-08,2019-01-16,8 days,8
692,카드,D-20190107-0000945-01,2019-01-08 오후 6:58,2019-01-18 오전 2:28,11660,1272.0,1,네이버 페이,2019-01-07,2019,1,Monday,2,주중,2019-01-08,2019-01-18,10 days,10
693,카드,D-20190107-0000945-02,2019-01-08 오후 6:58,2019-01-18 오전 2:28,38320,1297.0,1,네이버 페이,2019-01-07,2019,1,Monday,2,주중,2019-01-08,2019-01-18,10 days,10
694,카드,D-20190107-0000945-03,2019-01-08 오후 6:58,2019-01-17 오전 6:26,66500,47.0,1,네이버 페이,2019-01-07,2019,1,Monday,2,주중,2019-01-08,2019-01-17,9 days,9
715,카드,D-20190107-0001143-01,2019-01-08 오후 6:58,2019-01-17 오전 7:19,56760,446.0,1,네이버 페이,2019-01-07,2019,1,Monday,2,주중,2019-01-08,2019-01-17,9 days,9
722,카드,D-20190108-0000042-01,2019-01-08 오후 6:58,2019-01-17 오전 8:02,123420,1302.0,1,네이버 페이,2019-01-08,2019,1,Tuesday,2,주중,2019-01-08,2019-01-17,9 days,9
818,카드,D-20190108-0000661-01,2019-01-10 오전 9:10,2019-01-18 오전 4:01,29320,1202.0,2,네이버 페이,2019-01-08,2019,1,Tuesday,2,주중,2019-01-10,2019-01-18,8 days,8
829,카드,D-20190108-0000729-01,2019-01-09 오전 10:40,2019-01-19 오전 1:51,132500,92.0,1,네이버 페이,2019-01-08,2019,1,Tuesday,2,주중,2019-01-09,2019-01-19,10 days,10
838,카드,D-20190108-0000816-01,2019-01-10 오전 9:10,2019-01-18 오전 4:39,131670,72.0,1,네이버 페이,2019-01-08,2019,1,Tuesday,2,주중,2019-01-10,2019-01-18,8 days,8
854,카드,D-20190108-0000946-01,2019-01-10 오전 9:10,2019-01-18 오전 5:29,71450,1077.0,1,네이버 페이,2019-01-08,2019,1,Tuesday,2,주중,2019-01-10,2019-01-18,8 days,8
968,카드,D-20190109-0000910-01,2019-01-11 오전 10:12,2019-01-19 오전 3:05,16150,1270.0,1,네이버 페이,2019-01-09,2019,1,Wednesday,2,주중,2019-01-11,2019-01-19,8 days,8
983,카드,D-20190109-0001043-01,2019-01-11 오전 10:12,2019-01-19 오전 3:59,96000,1375.0,1,네이버 페이,2019-01-09,2019,1,Wednesday,2,주중,2019-01-11,2019-01-19,8 days,8
984,카드,D-20190109-0001055-01,2019-01-11 오전 10:12,2019-01-19 오전 3:59,75240,1374.0,1,네이버 페이,2019-01-09,2019,1,Wednesday,2,주중,2019-01-11,2019-01-19,8 days,8
996,카드,D-20190110-0000109-01,2019-01-11 오전 10:12,2019-01-19 오전 5:41,86790,451.0,1,네이버 페이,2019-01-10,2019,1,Thursday,2,주중,2019-01-11,2019-01-19,8 days,8
1063,카드,D-20190110-0000592-01,2019-01-11 오전 10:12,2019-01-19 오전 6:35,113520,1301.0,1,네이버 페이,2019-01-10,2019,1,Thursday,2,주중,2019-01-11,2019-01-19,8 days,8
1100,무통장입금,D-20190111-0000022-01,2019-01-11 오후 6:36,2019-01-20 오전 4:22,124250,90.0,1,네이버 페이,2019-01-11,2019,1,Friday,2,주중,2019-01-11,2019-01-20,9 days,9
1168,실시간계좌이체,D-20190111-0000681-01,2019-01-14 오전 8:42,2019-01-22 오전 1:59,58410,455.0,1,네이버 페이,2019-01-11,2019,1,Friday,2,주중,2019-01-14,2019-01-22,8 days,8
1266,카드,D-20190113-0000297-01,2019-01-15 오전 9:08,2019-01-23 오전 7:04,132500,92.0,1,네이버 페이,2019-01-13,2019,1,Sunday,2,주말,2019-01-15,2019-01-23,8 days,8
1316,카드,D-20190114-0000246-00,2019-01-15 오전 9:06,2019-01-22 오전 5:32,120120,1082.0,1,PC쇼핑몰,2019-01-14,2019,1,Monday,3,주중,2019-01-15,2019-01-22,7 days,7
1319,카드,D-20190114-0000246-03,2019-01-15 오전 9:06,2019-01-22 오전 5:32,152020,1353.0,1,PC쇼핑몰,2019-01-14,2019,1,Monday,3,주중,2019-01-15,2019-01-22,7 days,7
1348,카드,D-20190114-0000421-01,2019-01-15 오전 9:08,2019-01-25 오전 1:52,174240,184.0,2,네이버 페이,2019-01-14,2019,1,Monday,3,주중,2019-01-15,2019-01-25,10 days,10
1349,카드,D-20190114-0000421-02,2019-01-15 오전 9:08,2019-01-25 오전 1:52,87120,176.0,1,네이버 페이,2019-01-14,2019,1,Monday,3,주중,2019-01-15,2019-01-25,10 days,10
1562,카드,D-20190115-0000832-01,2019-01-17 오전 9:56,2019-01-25 오전 3:43,75570,1069.0,1,네이버 페이,2019-01-15,2019,1,Tuesday,3,주중,2019-01-17,2019-01-25,8 days,8
1606,카드,D-20190116-0000025-01,2019-01-17 오전 9:56,2019-01-25 오전 6:06,138270,76.0,1,네이버 페이,2019-01-16,2019,1,Wednesday,3,주중,2019-01-17,2019-01-25,8 days,8
1689,카드,D-20190116-0000585-01,2019-01-17 오전 9:56,2019-01-25 오전 7:07,49060,1343.0,1,네이버 페이,2019-01-16,2019,1,Wednesday,3,주중,2019-01-17,2019-01-25,8 days,8
1740,실시간계좌이체,D-20190116-0000922-01,2019-01-17 오후 6:16,2019-01-26 오전 10:45,66500,47.0,1,네이버 페이,2019-01-16,2019,1,Wednesday,3,주중,2019-01-17,2019-01-26,9 days,9
1743,휴대폰,D-20190116-0000955-01,2019-01-17 오후 6:16,2019-01-26 오전 10:53,78870,44.0,1,네이버 페이,2019-01-16,2019,1,Wednesday,3,주중,2019-01-17,2019-01-26,9 days,9
1750,카드,D-20190116-0001006-01,2019-01-17 오후 6:16,2019-01-26 오전 11:27,58410,455.0,1,네이버 페이,2019-01-16,2019,1,Wednesday,3,주중,2019-01-17,2019-01-26,9 days,9
1751,카드,D-20190117-0000011-01,2019-01-17 오후 6:16,2019-01-26 오전 11:40,78870,603.0,1,네이버 페이,2019-01-17,2019,1,Thursday,3,주중,2019-01-17,2019-01-26,9 days,9
1760,카드,D-20190117-0000127-01,2019-01-17 오후 6:16,2019-01-26 오후 12:19,151140,1069.0,2,네이버 페이,2019-01-17,2019,1,Thursday,3,주중,2019-01-17,2019-01-26,9 days,9
1775,실시간계좌이체,D-20190117-0000296-01,2019-01-17 오후 6:16,2019-01-26 오후 12:42,87120,190.0,1,네이버 페이,2019-01-17,2019,1,Thursday,3,주중,2019-01-17,2019-01-26,9 days,9
1776,실시간계좌이체,D-20190117-0000296-02,2019-01-17 오후 6:56,2019-01-26 오후 12:42,86790,451.0,1,네이버 페이,2019-01-17,2019,1,Thursday,3,주중,2019-01-17,2019-01-26,9 days,9
1827,카드,D-20190117-0000595-01,2019-01-17 오후 6:16,2019-01-26 오후 1:18,77220,379.0,1,네이버 페이,2019-01-17,2019,1,Thursday,3,주중,2019-01-17,2019-01-26,9 days,9
1877,실시간계좌이체,D-20190118-0000136-01,2019-01-19 오후 4:26,2019-01-27 오전 4:39,81600,1085.0,1,네이버 페이,2019-01-18,2019,1,Friday,3,주중,2019-01-19,2019-01-27,8 days,8
1939,카드,D-20190118-0000631-01,2019-01-22 오전 9:06,2019-02-19 오전 12:55,83550,1316.0,1,네이버 페이,2019-01-18,2019,1,Friday,3,주중,2019-01-22,2019-02-19,28 days,28
1940,카드,D-20190118-0000631-02,2019-01-22 오전 9:06,2019-02-19 오전 12:55,68530,1314.0,1,네이버 페이,2019-01-18,2019,1,Friday,3,주중,2019-01-22,2019-02-19,28 days,28
1991,카드,D-20190120-0000083-01,2019-01-22 오전 9:06,2019-02-19 오전 12:57,52580,246.0,1,네이버 페이,2019-01-20,2019,1,Sunday,3,주말,2019-01-22,2019-02-19,28 days,28
1993,카드,D-20190120-0000103-01,2019-01-22 오전 9:06,2019-01-30 오전 7:13,78870,44.0,1,네이버 페이,2019-01-20,2019,1,Sunday,3,주말,2019-01-22,2019-01-30,8 days,8
1994,카드,D-20190120-0000119-01,2019-01-22 오전 9:06,2019-01-30 오전 7:13,108570,1121.0,1,네이버 페이,2019-01-20,2019,1,Sunday,3,주말,2019-01-22,2019-01-30,8 days,8
2051,무통장입금,D-20190121-0000398-01,2019-01-22 오전 9:06,2019-01-31 오전 4:34,174240,184.0,2,네이버 페이,2019-01-21,2019,1,Monday,4,주중,2019-01-22,2019-01-31,9 days,9
2119,카드,D-20190121-0000801-01,2019-01-22 오후 6:30,2019-01-31 오전 5:19,124250,90.0,1,네이버 페이,2019-01-21,2019,1,Monday,4,주중,2019-01-22,2019-01-31,9 days,9
2143,카드,D-20190121-0000939-01,2019-01-22 오후 6:20,2019-01-31 오전 5:55,459360,1122.0,3,네이버 페이,2019-01-21,2019,1,Monday,4,주중,2019-01-22,2019-01-31,9 days,9
2164,카드,D-20190122-0000074-01,2019-01-22 오후 6:20,2019-02-19 오전 1:01,58410,455.0,1,네이버 페이,2019-01-22,2019,1,Tuesday,4,주중,2019-01-22,2019-02-19,28 days,28
2194,실시간계좌이체,D-20190122-0000284-01,2019-01-22 오후 6:20,2019-01-31 오전 8:14,78870,1070.0,1,네이버 페이,2019-01-22,2019,1,Tuesday,4,주중,2019-01-22,2019-01-31,9 days,9
2195,실시간계좌이체,D-20190122-0000290-01,2019-01-22 오후 6:20,2019-02-19 오전 1:01,83550,1316.0,1,네이버 페이,2019-01-22,2019,1,Tuesday,4,주중,2019-01-22,2019-02-19,28 days,28
2230,카드,D-20190122-0000555-01,2019-01-23 오후 6:52,2019-02-01 오전 2:15,137060,1314.0,2,네이버 페이,2019-01-22,2019,1,Tuesday,4,주중,2019-01-23,2019-02-01,9 days,9
2231,카드,D-20190122-0000564-01,2019-01-23 오후 6:52,2019-02-01 오전 2:15,167100,1316.0,2,네이버 페이,2019-01-22,2019,1,Tuesday,4,주중,2019-01-23,2019-02-01,9 days,9
2265,카드,D-20190122-0000813-01,2019-01-23 오후 6:52,2019-02-01 오전 3:21,70620,42.0,1,네이버 페이,2019-01-22,2019,1,Tuesday,4,주중,2019-01-23,2019-02-01,9 days,9
2271,카드,D-20190122-0000853-01,2019-01-23 오후 6:52,2019-02-01 오전 3:47,70620,42.0,1,네이버 페이,2019-01-22,2019,1,Tuesday,4,주중,2019-01-23,2019-02-01,9 days,9
2330,카드,D-20190123-0000406-01,2019-01-23 오후 6:52,2019-02-01 오전 11:28,157740,603.0,2,네이버 페이,2019-01-23,2019,1,Wednesday,4,주중,2019-01-23,2019-02-01,9 days,9
2416,실시간계좌이체,D-20190123-0001039-01,2019-01-24 오후 6:34,2019-02-02 오전 3:01,95110,1318.0,-1,네이버 페이,2019-01-23,2019,1,Wednesday,4,주중,2019-01-24,2019-02-02,9 days,9
2418,카드,D-20190123-0001050-01,2019-01-24 오후 6:34,2019-02-01 오전 12:49,234630,397.0,3,네이버 페이,2019-01-23,2019,1,Wednesday,4,주중,2019-01-24,2019-02-01,8 days,8
2438,카드,D-20190123-0001206-01,2019-01-24 오후 6:34,2019-01-31 오전 11:59,141240,42.0,2,네이버 페이,2019-01-23,2019,1,Wednesday,4,주중,2019-01-24,2019-01-31,7 days,7
2439,카드,D-20190123-0001216-01,2019-01-24 오후 6:34,2019-02-01 오전 11:30,68970,1091.0,1,네이버 페이,2019-01-23,2019,1,Wednesday,4,주중,2019-01-24,2019-02-01,8 days,8
2495,무통장입금,D-20190124-0000241-01,2019-01-24 오후 6:34,2019-02-02 오전 4:03,138270,41.0,1,네이버 페이,2019-01-24,2019,1,Thursday,4,주중,2019-01-24,2019-02-02,9 days,9
2521,카드,D-20190124-0000418-01,2019-01-24 오후 6:34,2019-02-02 오전 6:30,78870,999999.0,1,네이버 페이,2019-01-24,2019,1,Thursday,4,주중,2019-01-24,2019-02-02,9 days,9
2742,카드,D-20190126-0000382-01,2019-01-29 오전 8:46,2019-02-06 오전 4:17,75240,1374.0,1,네이버 페이,2019-01-26,2019,1,Saturday,4,주말,2019-01-29,2019-02-06,8 days,8
2743,카드,D-20190126-0000382-02,2019-01-29 오전 8:46,2019-02-06 오전 4:17,96000,1375.0,1,네이버 페이,2019-01-26,2019,1,Saturday,4,주말,2019-01-29,2019-02-06,8 days,8
2746,실시간계좌이체,D-20190126-0000408-01,2019-01-29 오전 8:46,2019-02-07 오전 2:48,78870,602.0,1,네이버 페이,2019-01-26,2019,1,Saturday,4,주말,2019-01-29,2019-02-07,9 days,9
2760,카드,D-20190127-0000097-01,2019-01-29 오전 8:46,2019-02-06 오전 5:31,140750,94.0,1,네이버 페이,2019-01-27,2019,1,Sunday,4,주말,2019-01-29,2019-02-06,8 days,8
2870,실시간계좌이체,D-20190128-0000478-01,2019-01-29 오전 8:46,2019-02-06 오전 7:56,68970,1091.0,1,네이버 페이,2019-01-28,2019,1,Monday,5,주중,2019-01-29,2019-02-06,8 days,8
2871,실시간계좌이체,D-20190128-0000486-01,2019-01-29 오전 8:46,2019-02-06 오전 7:57,42350,1283.0,1,네이버 페이,2019-01-28,2019,1,Monday,5,주중,2019-01-29,2019-02-06,8 days,8
2954,실시간계좌이체,D-20190128-0000835-01,2019-01-29 오전 8:46,2019-02-07 오전 5:37,81600,1085.0,1,네이버 페이,2019-01-28,2019,1,Monday,5,주중,2019-01-29,2019-02-07,9 days,9
2969,휴대폰,D-20190128-0000928-01,2019-01-29 오전 8:46,2019-02-08 오전 2:32,73920,1089.0,1,네이버 페이,2019-01-28,2019,1,Monday,5,주중,2019-01-29,2019-02-08,10 days,10
2970,휴대폰,D-20190128-0000928-02,2019-01-29 오전 8:46,2019-02-08 오전 2:32,133320,40.0,1,네이버 페이,2019-01-28,2019,1,Monday,5,주중,2019-01-29,2019-02-08,10 days,10
2982,카드,D-20190128-0001014-01,2019-01-29 오전 8:46,2019-02-07 오전 5:47,56760,447.0,1,네이버 페이,2019-01-28,2019,1,Monday,5,주중,2019-01-29,2019-02-07,9 days,9
3041,무통장입금,D-20190128-0001380-01,2019-01-29 오후 6:50,2019-02-08 오전 2:36,261360,176.0,3,네이버 페이,2019-01-28,2019,1,Monday,5,주중,2019-01-29,2019-02-08,10 days,10
3042,무통장입금,D-20190128-0001380-02,2019-01-29 오후 6:50,2019-02-08 오전 2:36,261360,184.0,3,네이버 페이,2019-01-28,2019,1,Monday,5,주중,2019-01-29,2019-02-08,10 days,10
3101,카드,D-20190128-0001808-01,2019-01-29 오후 6:50,2019-02-07 오후 11:48,66500,47.0,1,네이버 페이,2019-01-28,2019,1,Monday,5,주중,2019-01-29,2019-02-07,9 days,9
3117,휴대폰,D-20190128-0001922-01,2019-01-29 오후 6:50,2019-02-07 오전 6:55,114950,84.0,1,네이버 페이,2019-01-28,2019,1,Monday,5,주중,2019-01-29,2019-02-07,9 days,9
3119,카드,D-20190128-0001944-01,2019-01-29 오후 6:50,2019-02-08 오전 2:55,140750,94.0,1,네이버 페이,2019-01-28,2019,1,Monday,5,주중,2019-01-29,2019-02-08,10 days,10
3141,카드,D-20190129-0000053-01,2019-01-29 오후 6:50,2019-02-07 오전 8:34,86790,451.0,1,네이버 페이,2019-01-29,2019,1,Tuesday,5,주중,2019-01-29,2019-02-07,9 days,9
3158,실시간계좌이체,D-20190129-0000178-01,2019-01-30 오전 8:32,2019-02-08 오전 3:44,151470,78.0,1,네이버 페이,2019-01-29,2019,1,Tuesday,5,주중,2019-01-30,2019-02-08,9 days,9
3177,무통장입금,D-20190129-0000268-01,2019-01-29 오후 6:50,2019-02-07 오전 5:33,132500,92.0,1,네이버 페이,2019-01-29,2019,1,Tuesday,5,주중,2019-01-29,2019-02-07,9 days,9
3198,실시간계좌이체,D-20190129-0000411-01,2019-01-29 오후 6:50,2019-02-07 오전 10:49,75240,1374.0,1,네이버 페이,2019-01-29,2019,1,Tuesday,5,주중,2019-01-29,2019-02-07,9 days,9
3199,실시간계좌이체,D-20190129-0000411-02,2019-01-29 오후 6:50,2019-02-07 오전 10:49,55110,1139.0,1,네이버 페이,2019-01-29,2019,1,Tuesday,5,주중,2019-01-29,2019-02-07,9 days,9
3233,카드,D-20190129-0000669-01,2019-01-29 오후 6:50,2019-02-07 오후 2:25,116820,455.0,2,네이버 페이,2019-01-29,2019,1,Tuesday,5,주중,2019-01-29,2019-02-07,9 days,9
3244,카드,D-20190129-0000748-01,2019-01-30 오전 8:32,2019-02-08 오전 4:23,75570,1069.0,1,네이버 페이,2019-01-29,2019,1,Tuesday,5,주중,2019-01-30,2019-02-08,9 days,9
3255,무통장입금,D-20190129-0000831-01,2019-01-30 오후 6:40,2019-02-07 오전 1:35,116000,605.0,1,네이버 페이,2019-01-29,2019,1,Tuesday,5,주중,2019-01-30,2019-02-07,8 days,8
3307,실시간계좌이체,D-20190129-0001173-01,2019-01-30 오후 6:40,2019-02-08 오전 5:21,41910,1350.0,1,네이버 페이,2019-01-29,2019,1,Tuesday,5,주중,2019-01-30,2019-02-08,9 days,9
3353,카드,D-20190130-0000322-01,2019-01-30 오후 6:40,2019-02-08 오전 8:01,23320,1268.0,2,네이버 페이,2019-01-30,2019,1,Wednesday,5,주중,2019-01-30,2019-02-08,9 days,9
3354,카드,D-20190130-0000322-02,2019-01-30 오후 6:40,2019-02-08 오전 8:01,152800,608.0,2,네이버 페이,2019-01-30,2019,1,Wednesday,5,주중,2019-01-30,2019-02-08,9 days,9
3386,카드,D-20190130-0000594-01,2019-01-30 오후 6:40,2019-02-08 오전 8:31,70620,42.0,1,네이버 페이,2019-01-30,2019,1,Wednesday,5,주중,2019-01-30,2019-02-08,9 days,9
3420,휴대폰,D-20190130-0000762-01,2019-01-30 오후 6:40,2019-02-08 오전 8:39,75240,1374.0,1,네이버 페이,2019-01-30,2019,1,Wednesday,5,주중,2019-01-30,2019-02-08,9 days,9
3422,휴대폰,D-20190130-0000788-01,2019-01-30 오후 6:40,2019-02-08 오전 8:39,63470,1373.0,1,네이버 페이,2019-01-30,2019,1,Wednesday,5,주중,2019-01-30,2019-02-08,9 days,9
3438,무통장입금,D-20190130-0000931-01,2019-02-08 오전 9:45,2019-02-20 오후 5:37,83550,1316.0,1,네이버 페이,2019-01-30,2019,1,Wednesday,5,주중,2019-02-08,2019-02-20,12 days,12
3439,무통장입금,D-20190130-0000931-02,2019-02-08 오전 9:45,2019-02-20 오후 5:37,137060,1314.0,2,네이버 페이,2019-01-30,2019,1,Wednesday,5,주중,2019-02-08,2019-02-20,12 days,12
3557,카드,D-20190205-0000072-01,2019-02-08 오전 10:53,2019-02-16 오전 7:10,78870,1070.0,1,네이버 페이,2019-02-05,2019,2,Tuesday,6,주중,2019-02-08,2019-02-16,8 days,8
3558,카드,D-20190205-0000072-02,2019-02-08 오전 9:54,2019-02-16 오전 7:10,78870,603.0,1,네이버 페이,2019-02-05,2019,2,Tuesday,6,주중,2019-02-08,2019-02-16,8 days,8
3571,카드,D-20190206-0000119-01,2019-02-08 오전 9:54,2019-02-16 오전 7:55,42350,1283.0,1,네이버 페이,2019-02-06,2019,2,Wednesday,6,주중,2019-02-08,2019-02-16,8 days,8
3679,실시간계좌이체,D-20190207-0000519-01,2019-02-08 오전 9:54,2019-02-17 오전 7:44,76400,608.0,1,네이버 페이,2019-02-07,2019,2,Thursday,6,주중,2019-02-08,2019-02-17,9 days,9
3830,실시간계좌이체,D-20190207-0001474-01,2019-02-08 오후 7:16,2019-02-17 오전 9:32,32010,639.0,1,네이버 페이,2019-02-07,2019,2,Thursday,6,주중,2019-02-08,2019-02-17,9 days,9
3831,실시간계좌이체,D-20190207-0001474-02,2019-02-08 오후 7:16,2019-02-17 오전 9:32,32010,559.0,1,네이버 페이,2019-02-07,2019,2,Thursday,6,주중,2019-02-08,2019-02-17,9 days,9
3833,카드,D-20190208-0000017-01,2019-02-08 오후 7:16,2019-02-17 오전 9:48,48500,172.0,1,네이버 페이,2019-02-08,2019,2,Friday,6,주중,2019-02-08,2019-02-17,9 days,9
3886,카드,D-20190208-0000353-01,2019-02-08 오후 7:16,2019-02-17 오전 10:38,53790,250.0,1,네이버 페이,2019-02-08,2019,2,Friday,6,주중,2019-02-08,2019-02-17,9 days,9
3941,무통장입금,D-20190208-0000783-01,2019-02-11 오후 6:58,2019-02-23 오전 5:32,78870,602.0,1,PC쇼핑몰,2019-02-08,2019,2,Friday,6,주중,2019-02-11,2019-02-23,12 days,12
3951,무통장입금,D-20190208-0000871-01,2019-02-11 오후 7:00,2019-02-18 오후 4:51,174240,1233.0,2,네이버 페이,2019-02-08,2019,2,Friday,6,주중,2019-02-11,2019-02-18,7 days,7
3992,카드,D-20190209-0000112-01,2019-02-11 오후 7:00,2019-02-20 오전 4:43,17300,1039.0,1,네이버 페이,2019-02-09,2019,2,Saturday,6,주말,2019-02-11,2019-02-20,9 days,9
4017,카드,D-20190209-0000322-01,2019-02-11 오후 7:00,2019-02-20 오전 5:31,25200,207.0,1,네이버 페이,2019-02-09,2019,2,Saturday,6,주말,2019-02-11,2019-02-20,9 days,9
4018,카드,D-20190209-0000322-02,2019-02-11 오후 7:00,2019-02-20 오전 5:31,74910,396.0,1,네이버 페이,2019-02-09,2019,2,Saturday,6,주말,2019-02-11,2019-02-20,9 days,9
4034,실시간계좌이체,D-20190210-0000078-01,2019-02-11 오후 7:00,2019-02-20 오전 6:48,74600,451.0,1,네이버 페이,2019-02-10,2019,2,Sunday,6,주말,2019-02-11,2019-02-20,9 days,9
4061,카드,D-20190210-0000355-01,2019-02-11 오후 7:00,2019-02-19 오후 8:02,77220,379.0,1,네이버 페이,2019-02-10,2019,2,Sunday,6,주말,2019-02-11,2019-02-19,8 days,8
4076,카드,D-20190210-0000437-01,2019-02-11 오후 7:00,2019-02-20 오전 7:57,133320,40.0,1,네이버 페이,2019-02-10,2019,2,Sunday,6,주말,2019-02-11,2019-02-20,9 days,9
4077,카드,D-20190210-0000444-01,2019-02-11 오후 7:00,2019-02-21 오전 5:19,119020,88.0,1,네이버 페이,2019-02-10,2019,2,Sunday,6,주말,2019-02-11,2019-02-21,10 days,10
4090,무통장입금,D-20190211-0000051-01,2019-02-11 오후 7:00,2019-02-21 오전 5:02,48500,172.0,1,네이버 페이,2019-02-11,2019,2,Monday,7,주중,2019-02-11,2019-02-21,10 days,10
4244,카드,D-20190211-0001147-01,2019-02-12 오후 6:34,2019-02-21 오전 1:25,103620,48.0,1,네이버 페이,2019-02-11,2019,2,Monday,7,주중,2019-02-12,2019-02-21,9 days,9
4351,무통장입금,D-20190212-0000722-01,2019-02-13 오후 6:34,2019-02-22 오전 4:45,72270,378.0,1,네이버 페이,2019-02-12,2019,2,Tuesday,7,주중,2019-02-13,2019-02-22,9 days,9
4353,카드,D-20190212-0000765-01,2019-02-13 오후 6:34,2019-02-22 오전 4:47,229200,608.0,3,네이버 페이,2019-02-12,2019,2,Tuesday,7,주중,2019-02-13,2019-02-22,9 days,9
4388,카드,D-20190213-0000143-01,2019-02-13 오후 6:34,2019-02-22 오전 7:03,140750,94.0,1,네이버 페이,2019-02-13,2019,2,Wednesday,7,주중,2019-02-13,2019-02-22,9 days,9
4445,실시간계좌이체,D-20190213-0000393-01,2019-02-13 오후 6:34,2019-02-22 오전 7:34,68530,1314.0,1,네이버 페이,2019-02-13,2019,2,Wednesday,7,주중,2019-02-13,2019-02-22,9 days,9
4453,무통장입금,D-20190213-0000462-01,2019-02-13 오후 6:34,2019-02-22 오전 6:20,16150,1266.0,1,네이버 페이,2019-02-13,2019,2,Wednesday,7,주중,2019-02-13,2019-02-22,9 days,9
4454,무통장입금,D-20190213-0000462-02,2019-02-13 오후 6:34,2019-02-22 오전 6:20,11290,1265.0,1,네이버 페이,2019-02-13,2019,2,Wednesday,7,주중,2019-02-13,2019-02-22,9 days,9
4465,무통장입금,D-20190213-0000518-01,2019-02-13 오후 6:34,2019-02-22 오전 7:43,49700,455.0,1,네이버 페이,2019-02-13,2019,2,Wednesday,7,주중,2019-02-13,2019-02-22,9 days,9
4566,무통장입금,D-20190214-0000037-01,2019-02-14 오후 6:40,2019-02-24 오전 1:48,94710,1106.0,1,네이버 페이,2019-02-14,2019,2,Thursday,7,주중,2019-02-14,2019-02-24,10 days,10
4598,카드,D-20190214-0000193-01,2019-02-14 오후 6:40,2019-02-23 오전 6:07,64440,1297.0,2,네이버 페이,2019-02-14,2019,2,Thursday,7,주중,2019-02-14,2019-02-23,9 days,9
4599,카드,D-20190214-0000201-01,2019-02-14 오후 6:40,2019-02-23 오전 6:09,98360,1357.0,1,네이버 페이,2019-02-14,2019,2,Thursday,7,주중,2019-02-14,2019-02-23,9 days,9
4674,카드,D-20190214-0000697-01,2019-02-15 오후 5:12,2019-02-22 오후 12:52,61470,44.0,1,네이버 페이,2019-02-14,2019,2,Thursday,7,주중,2019-02-15,2019-02-22,7 days,7
4675,카드,D-20190214-0000697-02,2019-02-15 오후 5:12,2019-02-22 오후 12:52,110570,41.0,1,네이버 페이,2019-02-14,2019,2,Thursday,7,주중,2019-02-15,2019-02-22,7 days,7
4856,카드,D-20190216-0000036-01,2019-02-18 오후 6:16,2019-02-28 오전 2:08,99350,90.0,1,네이버 페이,2019-02-16,2019,2,Saturday,7,주말,2019-02-18,2019-02-28,10 days,10
4905,카드,D-20190217-0000032-01,2019-02-18 오후 6:16,2019-02-28 오전 3:01,65470,39.0,1,네이버 페이,2019-02-17,2019,2,Sunday,7,주말,2019-02-18,2019-02-28,10 days,10
4906,무통장입금,D-20190217-0000046-01,2019-02-18 오후 6:16,2019-02-27 오전 7:11,94600,1190.0,1,네이버 페이,2019-02-17,2019,2,Sunday,7,주말,2019-02-18,2019-02-27,9 days,9
4907,무통장입금,D-20190217-0000046-02,2019-02-18 오후 6:16,2019-02-27 오전 7:11,155420,1191.0,1,네이버 페이,2019-02-17,2019,2,Sunday,7,주말,2019-02-18,2019-02-27,9 days,9
4908,무통장입금,D-20190217-0000046-03,2019-02-18 오후 6:16,2019-02-27 오전 7:11,61900,608.0,1,네이버 페이,2019-02-17,2019,2,Sunday,7,주말,2019-02-18,2019-02-27,9 days,9
4909,무통장입금,D-20190217-0000046-04,2019-02-18 오후 6:16,2019-02-27 오전 7:11,57850,1077.0,1,네이버 페이,2019-02-17,2019,2,Sunday,7,주말,2019-02-18,2019-02-27,9 days,9
4910,무통장입금,D-20190217-0000046-05,2019-02-18 오후 6:16,2019-02-27 오전 7:11,118250,1127.0,1,네이버 페이,2019-02-17,2019,2,Sunday,7,주말,2019-02-18,2019-02-27,9 days,9
5188,카드,D-20190219-0000438-01,2019-02-20 오전 9:16,2019-02-28 오전 8:27,80070,1232.0,1,네이버 페이,2019-02-19,2019,2,Tuesday,8,주중,2019-02-20,2019-02-28,8 days,8
5189,카드,D-20190219-0000438-02,2019-02-20 오전 9:16,2019-02-28 오전 8:27,55870,1091.0,1,네이버 페이,2019-02-19,2019,2,Tuesday,8,주중,2019-02-20,2019-02-28,8 days,8
5236,카드,D-20190219-0000732-01,2019-02-21 오전 9:02,2019-03-01 오전 3:38,49700,455.0,1,네이버 페이,2019-02-19,2019,2,Tuesday,8,주중,2019-02-21,2019-03-01,8 days,8
5249,카드,D-20190219-0000840-01,2019-02-21 오전 9:02,2019-03-01 오전 3:49,63070,603.0,1,네이버 페이,2019-02-19,2019,2,Tuesday,8,주중,2019-02-21,2019-03-01,8 days,8
5250,카드,D-20190219-0000858-01,2019-02-21 오전 9:02,2019-03-01 오전 3:51,103300,92.0,1,네이버 페이,2019-02-19,2019,2,Tuesday,8,주중,2019-02-21,2019-03-01,8 days,8
5251,카드,D-20190219-0000869-01,2019-02-21 오전 9:02,2019-03-01 오전 3:53,59670,1069.0,1,네이버 페이,2019-02-19,2019,2,Tuesday,8,주중,2019-02-21,2019-03-01,8 days,8
5255,카드,D-20190219-0000897-01,2019-02-21 오전 9:02,2019-03-01 오전 3:58,61470,1070.0,1,네이버 페이,2019-02-19,2019,2,Tuesday,8,주중,2019-02-21,2019-03-01,8 days,8
5266,카드,D-20190219-0000957-01,2019-02-21 오전 9:02,2019-03-01 오전 4:04,80070,1232.0,1,네이버 페이,2019-02-19,2019,2,Tuesday,8,주중,2019-02-21,2019-03-01,8 days,8
5271,카드,D-20190219-0001015-01,2019-02-21 오전 9:02,2019-03-01 오전 4:16,48500,447.0,1,네이버 페이,2019-02-19,2019,2,Tuesday,8,주중,2019-02-21,2019-03-01,8 days,8
5323,무통장입금,D-20190220-0000259-01,2019-02-21 오전 9:02,2019-03-03 오전 5:35,60020,1275.0,1,네이버 페이,2019-02-20,2019,2,Wednesday,8,주중,2019-02-21,2019-03-03,10 days,10
5324,무통장입금,D-20190220-0000259-02,2019-02-21 오전 9:02,2019-03-03 오전 5:35,114440,1282.0,2,네이버 페이,2019-02-20,2019,2,Wednesday,8,주중,2019-02-21,2019-03-03,10 days,10
5411,무통장입금,D-20190220-0000811-01,2019-02-22 오전 9:04,2019-03-03 오전 2:23,54500,47.0,1,네이버 페이,2019-02-20,2019,2,Wednesday,8,주중,2019-02-22,2019-03-03,9 days,9
5428,카드,D-20190220-0000949-01,2019-02-22 오전 9:04,2019-03-03 오전 3:23,49700,455.0,1,네이버 페이,2019-02-20,2019,2,Wednesday,8,주중,2019-02-22,2019-03-03,9 days,9
5463,실시간계좌이체,D-20190221-0000031-01,2019-02-22 오전 9:04,2019-03-03 오전 6:44,9190,1265.0,1,네이버 페이,2019-02-21,2019,2,Thursday,8,주중,2019-02-22,2019-03-03,9 days,9
5540,실시간계좌이체,D-20190221-0000667-01,2019-02-22 오전 9:04,2019-03-03 오전 8:22,68970,1085.0,1,네이버 페이,2019-02-21,2019,2,Thursday,8,주중,2019-02-22,2019-03-03,9 days,9
5601,카드,D-20190221-0001036-01,2019-02-22 오후 6:20,2019-03-03 오전 9:11,83110,1055.0,1,네이버 페이,2019-02-21,2019,2,Thursday,8,주중,2019-02-22,2019-03-03,9 days,9
5605,카드,D-20190221-0001063-01,2019-02-22 오후 6:20,2019-03-03 오전 9:19,69780,957.0,1,네이버 페이,2019-02-21,2019,2,Thursday,8,주중,2019-02-22,2019-03-03,9 days,9
5606,카드,D-20190221-0001063-02,2019-02-22 오후 6:20,2019-03-03 오전 9:19,35210,1350.0,1,네이버 페이,2019-02-21,2019,2,Thursday,8,주중,2019-02-22,2019-03-03,9 days,9
5611,카드,D-20190221-0001119-01,2019-02-22 오후 6:20,2019-03-03 오전 9:21,61470,1070.0,1,네이버 페이,2019-02-21,2019,2,Thursday,8,주중,2019-02-22,2019-03-03,9 days,9
5630,카드,D-20190221-0001218-01,2019-02-22 오후 6:20,2019-03-03 오전 9:56,60720,42.0,1,네이버 페이,2019-02-21,2019,2,Thursday,8,주중,2019-02-22,2019-03-03,9 days,9
5670,실시간계좌이체,D-20190222-0000332-01,2019-02-22 오후 6:20,2019-03-03 오전 11:11,74600,451.0,1,네이버 페이,2019-02-22,2019,2,Friday,8,주중,2019-02-22,2019-03-03,9 days,9
5671,실시간계좌이체,D-20190222-0000349-01,2019-02-22 오후 6:20,2019-03-03 오전 11:11,74990,1375.0,1,네이버 페이,2019-02-22,2019,2,Friday,8,주중,2019-02-22,2019-03-03,9 days,9
5695,카드,D-20190222-0000569-01,2019-02-22 오후 6:20,2019-03-03 오전 11:31,99400,455.0,2,네이버 페이,2019-02-22,2019,2,Friday,8,주중,2019-02-22,2019-03-03,9 days,9
5704,무통장입금,D-20190222-0000620-01,2019-02-26 오전 9:16,2019-03-06 오전 2:23,85320,50.0,1,네이버 페이,2019-02-22,2019,2,Friday,8,주중,2019-02-26,2019-03-06,8 days,8
5718,카드,D-20190222-0000709-01,2019-02-26 오전 9:02,2019-03-06 오전 2:43,103300,92.0,1,네이버 페이,2019-02-22,2019,2,Friday,8,주중,2019-02-26,2019-03-06,8 days,8
5727,카드,D-20190222-0000767-01,2019-02-26 오전 9:02,2019-03-07 오전 2:07,98560,1301.0,1,네이버 페이,2019-02-22,2019,2,Friday,8,주중,2019-02-26,2019-03-07,9 days,9
5747,실시간계좌이체,D-20190223-0000098-01,2019-02-26 오전 9:02,2019-03-07 오전 2:58,49700,455.0,1,네이버 페이,2019-02-23,2019,2,Saturday,8,주말,2019-02-26,2019-03-07,9 days,9
5762,카드,D-20190223-0000223-01,2019-02-26 오전 9:02,2019-03-06 오전 5:32,98600,605.0,1,네이버 페이,2019-02-23,2019,2,Saturday,8,주말,2019-02-26,2019-03-06,8 days,8
5777,카드,D-20190224-0000201-01,2019-02-26 오전 9:02,2019-03-06 오전 6:37,60720,42.0,1,네이버 페이,2019-02-24,2019,2,Sunday,8,주말,2019-02-26,2019-03-06,8 days,8
5870,카드,D-20190225-0000518-01,2019-02-26 오전 9:02,2019-03-05 오후 11:26,39740,1326.0,1,네이버 페이,2019-02-25,2019,2,Monday,9,주중,2019-02-26,2019-03-05,7 days,7
5902,카드,D-20190225-0000810-01,2019-02-26 오전 9:02,2019-03-16 오전 1:10,60720,42.0,1,네이버 페이,2019-02-25,2019,2,Monday,9,주중,2019-02-26,2019-03-16,18 days,18
5946,무통장입금,D-20190225-0001098-01,2019-02-26 오후 6:38,2019-03-05 오후 10:14,9810,1203.0,1,네이버 페이,2019-02-25,2019,2,Monday,9,주중,2019-02-26,2019-03-05,7 days,7
5947,무통장입금,D-20190225-0001098-02,2019-02-26 오후 6:38,2019-03-05 오후 10:14,9360,1272.0,1,네이버 페이,2019-02-25,2019,2,Monday,9,주중,2019-02-26,2019-03-05,7 days,7
6036,휴대폰,D-20190226-0000597-01,2019-02-26 오후 6:38,2019-03-26 오전 12:58,20300,1495.0,1,네이버 페이,2019-02-26,2019,2,Tuesday,9,주중,2019-02-26,2019-03-26,28 days,28
6101,카드,D-20190226-0001147-01,2019-02-28 오후 2:01,2019-03-08 오전 4:07,59670,1069.0,1,네이버 페이,2019-02-26,2019,2,Tuesday,9,주중,2019-02-28,2019-03-08,8 days,8
6118,카드,D-20190226-0001256-01,2019-02-28 오후 2:01,2019-03-08 오전 5:27,67650,962.0,1,네이버 페이,2019-02-26,2019,2,Tuesday,9,주중,2019-02-28,2019-03-08,8 days,8
6129,카드,D-20190227-0000125-01,2019-02-27 오후 5:44,2019-03-08 오전 6:18,32220,1297.0,1,네이버 페이,2019-02-27,2019,2,Wednesday,9,주중,2019-02-27,2019-03-08,9 days,9
6180,카드,D-20190227-0000448-01,2019-02-27 오후 5:44,2019-03-08 오전 6:44,151640,176.0,2,네이버 페이,2019-02-27,2019,2,Wednesday,9,주중,2019-02-27,2019-03-08,9 days,9
6192,카드,D-20190227-0000545-01,2019-02-27 오후 5:44,2019-03-08 오전 6:54,11560,1202.0,1,네이버 페이,2019-02-27,2019,2,Wednesday,9,주중,2019-02-27,2019-03-08,9 days,9
6193,카드,D-20190227-0000545-02,2019-02-27 오후 5:44,2019-03-08 오전 6:54,51810,393.0,1,네이버 페이,2019-02-27,2019,2,Wednesday,9,주중,2019-02-27,2019-03-08,9 days,9
6212,실시간계좌이체,D-20190227-0000741-01,2019-02-28 오후 2:01,2019-03-08 오전 7:05,61470,1070.0,1,네이버 페이,2019-02-27,2019,2,Wednesday,9,주중,2019-02-28,2019-03-08,8 days,8
6361,카드,D-20190228-0000381-01,2019-03-05 오전 10:34,2019-03-15 오전 1:49,118250,94.0,1,네이버 페이,2019-02-28,2019,2,Thursday,9,주중,2019-03-05,2019-03-15,10 days,10
6379,카드,D-20190228-0000559-03,2019-03-05 오전 10:58,2019-03-13 오전 11:40,85320,50.0,1,네이버 페이,2019-02-28,2019,2,Thursday,9,주중,2019-03-05,2019-03-13,8 days,8
6428,카드,D-20190301-0000036-01,2019-03-05 오전 10:34,2019-03-12 오후 2:02,117620,1374.0,2,네이버 페이,2019-03-01,2019,3,Friday,9,주중,2019-03-05,2019-03-12,7 days,7
6429,카드,D-20190301-0000036-02,2019-03-05 오전 10:34,2019-03-15 오전 3:04,100540,1373.0,2,네이버 페이,2019-03-01,2019,3,Friday,9,주중,2019-03-05,2019-03-15,10 days,10
6434,카드,D-20190301-0000075-01,2019-03-05 오전 10:58,2019-03-14 오전 2:39,153420,1106.0,2,네이버 페이,2019-03-01,2019,3,Friday,9,주중,2019-03-05,2019-03-14,9 days,9
6446,무통장입금,D-20190301-0000131-01,2019-03-05 오전 10:34,2019-03-13 오전 3:44,63070,602.0,1,네이버 페이,2019-03-01,2019,3,Friday,9,주중,2019-03-05,2019-03-13,8 days,8
6475,카드,D-20190302-0000063-01,2019-03-05 오전 10:34,2019-03-12 오전 10:42,50270,1373.0,1,네이버 페이,2019-03-02,2019,3,Saturday,9,주말,2019-03-05,2019-03-12,7 days,7
6574,카드,D-20190303-0000362-01,2019-03-05 오전 10:34,2019-03-15 오전 4:43,59990,378.0,1,네이버 페이,2019-03-03,2019,3,Sunday,9,주말,2019-03-05,2019-03-15,10 days,10
6660,실시간계좌이체,D-20190304-0000513-01,2019-03-05 오전 10:32,2019-03-13 오전 10:58,68970,1085.0,1,네이버 페이,2019-03-04,2019,3,Monday,10,주중,2019-03-05,2019-03-13,8 days,8
6778,카드,D-20190304-0001205-01,2019-03-05 오전 10:34,2019-03-14 오전 9:26,37380,1343.0,1,네이버 페이,2019-03-04,2019,3,Monday,10,주중,2019-03-05,2019-03-14,9 days,9
6783,카드,D-20190304-0001266-01,2019-03-05 오전 10:34,2019-03-16 오전 2:25,59670,1069.0,1,네이버 페이,2019-03-04,2019,3,Monday,10,주중,2019-03-05,2019-03-16,11 days,11
6784,카드,D-20190304-0001266-02,2019-03-05 오전 10:34,2019-03-16 오전 2:25,78270,46.0,1,네이버 페이,2019-03-04,2019,3,Monday,10,주중,2019-03-05,2019-03-16,11 days,11
6802,카드,D-20190304-0001411-01,2019-03-05 오전 10:34,2019-03-14 오전 10:12,57850,1077.0,1,네이버 페이,2019-03-04,2019,3,Monday,10,주중,2019-03-05,2019-03-14,9 days,9
6803,카드,D-20190304-0001411-02,2019-03-05 오전 10:34,2019-03-15 오전 7:23,126140,602.0,2,네이버 페이,2019-03-04,2019,3,Monday,10,주중,2019-03-05,2019-03-15,10 days,10
6808,카드,D-20190304-0001447-01,2019-03-05 오전 10:34,2019-03-14 오전 10:25,55870,1091.0,1,네이버 페이,2019-03-04,2019,3,Monday,10,주중,2019-03-05,2019-03-14,9 days,9
6812,카드,D-20190305-0000042-01,2019-03-05 오전 10:34,2019-03-15 오전 8:07,19910,219.0,1,네이버 페이,2019-03-05,2019,3,Tuesday,10,주중,2019-03-05,2019-03-15,10 days,10
6813,카드,D-20190305-0000042-02,2019-03-05 오전 10:34,2019-03-15 오전 8:07,39910,392.0,1,네이버 페이,2019-03-05,2019,3,Tuesday,10,주중,2019-03-05,2019-03-15,10 days,10
6829,카드,D-20190305-0000133-01,2019-03-06 오전 9:26,2019-03-15 오전 8:38,50270,1373.0,1,네이버 페이,2019-03-05,2019,3,Tuesday,10,주중,2019-03-06,2019-03-15,9 days,9
6830,카드,D-20190305-0000133-02,2019-03-06 오전 9:26,2019-03-15 오전 8:38,58810,1374.0,1,네이버 페이,2019-03-05,2019,3,Tuesday,10,주중,2019-03-06,2019-03-15,9 days,9
6863,카드,D-20190305-0000315-01,2019-03-06 오전 9:26,2019-03-14 오후 1:26,61470,44.0,1,네이버 페이,2019-03-05,2019,3,Tuesday,10,주중,2019-03-06,2019-03-14,8 days,8
6961,카드,D-20190305-0000979-01,2019-03-07 오후 1:12,2019-03-15 오전 10:10,57850,1077.0,1,네이버 페이,2019-03-05,2019,3,Tuesday,10,주중,2019-03-07,2019-03-15,8 days,8
6997,카드,D-20190305-0001222-01,2019-03-07 오후 12:36,2019-03-15 오전 10:49,60020,1275.0,1,네이버 페이,2019-03-05,2019,3,Tuesday,10,주중,2019-03-07,2019-03-15,8 days,8
7013,카드,D-20190305-0001344-01,2019-03-07 오후 12:36,2019-03-15 오전 11:19,60720,42.0,1,네이버 페이,2019-03-05,2019,3,Tuesday,10,주중,2019-03-07,2019-03-15,8 days,8
7028,카드,D-20190305-0001433-01,2019-03-07 오후 12:36,2019-03-15 오후 12:40,123800,608.0,2,네이버 페이,2019-03-05,2019,3,Tuesday,10,주중,2019-03-07,2019-03-15,8 days,8
7047,카드,D-20190306-0000033-01,2019-03-07 오후 1:21,2019-03-15 오전 10:39,55870,38.0,1,네이버 페이,2019-03-06,2019,3,Wednesday,10,주중,2019-03-07,2019-03-15,8 days,8
7186,카드,D-20190306-0000905-01,2019-03-08 오전 10:04,2019-03-16 오전 5:36,60000,593.0,1,네이버 페이,2019-03-06,2019,3,Wednesday,10,주중,2019-03-08,2019-03-16,8 days,8
7190,카드,D-20190306-0000939-01,2019-03-08 오전 10:04,2019-03-16 오전 5:48,272000,592.0,1,네이버 페이,2019-03-06,2019,3,Wednesday,10,주중,2019-03-08,2019-03-16,8 days,8
7279,카드,D-20190307-0000205-01,2019-03-08 오전 10:04,2019-03-16 오전 9:57,58810,1374.0,1,네이버 페이,2019-03-07,2019,3,Thursday,10,주중,2019-03-08,2019-03-16,8 days,8
7285,카드,D-20190307-0000268-01,2019-03-08 오전 10:04,2019-03-16 오전 10:04,98600,605.0,1,네이버 페이,2019-03-07,2019,3,Thursday,10,주중,2019-03-08,2019-03-16,8 days,8
7305,카드,D-20190307-0000452-00,2019-03-08 오후 4:42,2019-03-23 오전 5:32,94600,1190.0,1,모바일웹,2019-03-07,2019,3,Thursday,10,주중,2019-03-08,2019-03-23,15 days,15
7334,카드,D-20190307-0000671-01,2019-03-08 오전 10:04,2019-03-16 오전 10:54,76710,1106.0,1,네이버 페이,2019-03-07,2019,3,Thursday,10,주중,2019-03-08,2019-03-16,8 days,8
7335,카드,D-20190307-0000671-02,2019-03-08 오전 10:04,2019-03-16 오전 10:54,117620,1374.0,2,네이버 페이,2019-03-07,2019,3,Thursday,10,주중,2019-03-08,2019-03-16,8 days,8
7336,카드,D-20190307-0000671-03,2019-03-08 오전 10:04,2019-03-16 오전 10:54,100540,1373.0,2,네이버 페이,2019-03-07,2019,3,Thursday,10,주중,2019-03-08,2019-03-16,8 days,8
7488,실시간계좌이체,D-20190308-0000854-01,2019-03-12 오전 9:42,2019-03-20 오전 3:32,10500,1381.0,1,네이버 페이,2019-03-08,2019,3,Friday,10,주중,2019-03-12,2019-03-20,8 days,8
7491,카드,D-20190309-0000016-01,2019-03-12 오전 9:42,2019-03-20 오전 6:04,61900,608.0,1,네이버 페이,2019-03-09,2019,3,Saturday,10,주말,2019-03-12,2019-03-20,8 days,8
7492,카드,D-20190309-0000016-02,2019-03-12 오전 9:42,2019-03-20 오전 6:04,57850,1077.0,1,네이버 페이,2019-03-09,2019,3,Saturday,10,주말,2019-03-12,2019-03-20,8 days,8
7504,카드,D-20190309-0000113-01,2019-03-12 오전 9:42,2019-03-20 오전 4:15,35210,1205.0,1,네이버 페이,2019-03-09,2019,3,Saturday,10,주말,2019-03-12,2019-03-20,8 days,8
7505,카드,D-20190309-0000113-02,2019-03-12 오전 9:42,2019-03-20 오전 4:15,54550,1341.0,1,네이버 페이,2019-03-09,2019,3,Saturday,10,주말,2019-03-12,2019-03-20,8 days,8
7534,카드,D-20190310-0000028-01,2019-03-12 오전 9:42,2019-03-20 오전 6:45,99350,90.0,1,네이버 페이,2019-03-10,2019,3,Sunday,10,주말,2019-03-12,2019-03-20,8 days,8
7566,카드,D-20190310-0000229-01,2019-03-12 오전 9:42,2019-03-21 오전 4:49,65640,379.0,1,네이버 페이,2019-03-10,2019,3,Sunday,10,주말,2019-03-12,2019-03-21,9 days,9
7574,카드,D-20190311-0000038-01,2019-03-12 오전 9:42,2019-03-20 오전 9:45,240000,591.0,1,네이버 페이,2019-03-11,2019,3,Monday,11,주중,2019-03-12,2019-03-20,8 days,8
7630,카드,D-20190311-0000437-01,2019-03-12 오전 9:42,2019-03-20 오전 10:24,61470,1070.0,1,네이버 페이,2019-03-11,2019,3,Monday,11,주중,2019-03-12,2019-03-20,8 days,8
7636,실시간계좌이체,D-20190311-0000508-01,2019-03-12 오전 9:42,2019-03-20 오전 10:30,74990,1375.0,1,네이버 페이,2019-03-11,2019,3,Monday,11,주중,2019-03-12,2019-03-20,8 days,8
7637,실시간계좌이체,D-20190311-0000508-02,2019-03-12 오전 9:42,2019-03-20 오전 10:30,85110,1274.0,1,네이버 페이,2019-03-11,2019,3,Monday,11,주중,2019-03-12,2019-03-20,8 days,8
7638,실시간계좌이체,D-20190311-0000508-03,2019-03-12 오전 9:42,2019-03-20 오전 10:30,58810,1374.0,1,네이버 페이,2019-03-11,2019,3,Monday,11,주중,2019-03-12,2019-03-20,8 days,8
7689,카드,D-20190311-0000851-01,2019-03-12 오후 6:40,2019-03-21 오전 6:54,58810,1374.0,1,네이버 페이,2019-03-11,2019,3,Monday,11,주중,2019-03-12,2019-03-21,9 days,9
7690,카드,D-20190311-0000851-02,2019-03-12 오후 6:40,2019-03-21 오전 6:54,50270,1373.0,1,네이버 페이,2019-03-11,2019,3,Monday,11,주중,2019-03-12,2019-03-21,9 days,9
7698,카드,D-20190311-0000911-01,2019-03-12 오후 6:40,2019-03-21 오전 7:02,188940,1121.0,2,네이버 페이,2019-03-11,2019,3,Monday,11,주중,2019-03-12,2019-03-21,9 days,9
7756,카드,D-20190312-0000279-01,2019-03-12 오후 6:40,2019-03-21 오전 9:28,9190,1269.0,1,네이버 페이,2019-03-12,2019,3,Tuesday,11,주중,2019-03-12,2019-03-21,9 days,9
7757,카드,D-20190312-0000279-02,2019-03-12 오후 6:40,2019-03-21 오전 9:28,11010,1267.0,1,네이버 페이,2019-03-12,2019,3,Tuesday,11,주중,2019-03-12,2019-03-21,9 days,9
7758,카드,D-20190312-0000279-03,2019-03-12 오후 6:40,2019-03-21 오전 9:28,9360,1268.0,1,네이버 페이,2019-03-12,2019,3,Tuesday,11,주중,2019-03-12,2019-03-21,9 days,9
7801,무통장입금,D-20190312-0000613-01,2019-03-12 오후 6:40,2019-03-26 오전 1:13,227460,184.0,3,네이버 페이,2019-03-12,2019,3,Tuesday,11,주중,2019-03-12,2019-03-26,14 days,14
7841,카드,D-20190312-0000905-01,2019-03-13 오후 6:50,2019-03-20 오후 2:25,86660,1235.0,1,네이버 페이,2019-03-12,2019,3,Tuesday,11,주중,2019-03-13,2019-03-20,7 days,7
7865,카드,D-20190312-0001068-01,2019-03-13 오후 6:50,2019-03-20 오후 6:42,11010,1267.0,1,네이버 페이,2019-03-12,2019,3,Tuesday,11,주중,2019-03-13,2019-03-20,7 days,7
7872,카드,D-20190312-0001103-01,2019-03-13 오후 6:50,2019-03-22 오전 6:39,93800,1358.0,1,네이버 페이,2019-03-12,2019,3,Tuesday,11,주중,2019-03-13,2019-03-22,9 days,9
7918,카드,D-20190313-0000261-01,2019-03-13 오후 6:50,2019-03-22 오전 7:54,32220,1297.0,1,네이버 페이,2019-03-13,2019,3,Wednesday,11,주중,2019-03-13,2019-03-22,9 days,9
7938,카드,D-20190313-0000372-01,2019-03-15 오전 10:14,2019-03-23 오전 3:28,91620,88.0,1,네이버 페이,2019-03-13,2019,3,Wednesday,11,주중,2019-03-15,2019-03-23,8 days,8
7939,카드,D-20190313-0000372-02,2019-03-13 오후 6:50,2019-03-22 오전 8:00,91520,1168.0,1,네이버 페이,2019-03-13,2019,3,Wednesday,11,주중,2019-03-13,2019-03-22,9 days,9
7945,무통장입금,D-20190313-0000411-09,2019-03-13 오후 6:50,2019-03-22 오전 8:02,93800,1358.0,1,네이버 페이,2019-03-13,2019,3,Wednesday,11,주중,2019-03-13,2019-03-22,9 days,9
7946,무통장입금,D-20190313-0000411-02,2019-03-13 오후 6:50,2019-03-22 오전 8:02,55870,1091.0,1,네이버 페이,2019-03-13,2019,3,Wednesday,11,주중,2019-03-13,2019-03-22,9 days,9
7947,무통장입금,D-20190313-0000411-03,2019-03-13 오후 6:50,2019-03-22 오전 8:02,12750,1266.0,1,네이버 페이,2019-03-13,2019,3,Wednesday,11,주중,2019-03-13,2019-03-22,9 days,9
7948,무통장입금,D-20190313-0000411-04,2019-03-13 오후 6:50,2019-03-22 오전 8:02,64070,1071.0,1,네이버 페이,2019-03-13,2019,3,Wednesday,11,주중,2019-03-13,2019-03-22,9 days,9
7949,무통장입금,D-20190313-0000411-05,2019-03-13 오후 6:50,2019-03-22 오전 8:02,60720,1539.0,1,네이버 페이,2019-03-13,2019,3,Wednesday,11,주중,2019-03-13,2019-03-22,9 days,9
7950,무통장입금,D-20190313-0000411-06,2019-03-13 오후 6:50,2019-03-22 오전 8:02,32220,1297.0,1,네이버 페이,2019-03-13,2019,3,Wednesday,11,주중,2019-03-13,2019-03-22,9 days,9
7951,무통장입금,D-20190313-0000411-08,2019-03-13 오후 6:50,2019-03-22 오전 10:48,32400,1447.0,1,네이버 페이,2019-03-13,2019,3,Wednesday,11,주중,2019-03-13,2019-03-22,9 days,9
8058,카드,D-20190313-0001029-01,2019-03-15 오전 10:14,2019-03-23 오전 4:57,61470,1070.0,1,네이버 페이,2019-03-13,2019,3,Wednesday,11,주중,2019-03-15,2019-03-23,8 days,8
8102,무통장입금,D-20190314-0000277-01,2019-03-15 오전 10:14,2019-03-23 오전 7:19,91620,88.0,1,네이버 페이,2019-03-14,2019,3,Thursday,11,주중,2019-03-15,2019-03-23,8 days,8
8128,카드,D-20190314-0000477-01,2019-03-15 오전 10:14,2019-03-23 오전 7:44,63070,603.0,1,네이버 페이,2019-03-14,2019,3,Thursday,11,주중,2019-03-15,2019-03-23,8 days,8
8174,무통장입금,D-20190314-0000851-01,2019-03-15 오전 10:14,2019-03-23 오전 8:17,81880,1322.0,1,네이버 페이,2019-03-14,2019,3,Thursday,11,주중,2019-03-15,2019-03-23,8 days,8
8180,카드,D-20190314-0000927-01,2019-03-15 오후 6:24,2019-03-24 오전 2:49,166220,1055.0,2,네이버 페이,2019-03-14,2019,3,Thursday,11,주중,2019-03-15,2019-03-24,9 days,9
8181,카드,D-20190314-0000927-05,2019-03-15 오후 6:24,2019-03-24 오전 2:49,76710,1106.0,1,네이버 페이,2019-03-14,2019,3,Thursday,11,주중,2019-03-15,2019-03-24,9 days,9
8182,카드,D-20190314-0000927-03,2019-03-15 오후 6:24,2019-03-24 오전 2:49,117620,1374.0,2,네이버 페이,2019-03-14,2019,3,Thursday,11,주중,2019-03-15,2019-03-24,9 days,9
8183,카드,D-20190314-0000927-04,2019-03-15 오후 6:24,2019-03-24 오전 2:49,100540,1373.0,2,네이버 페이,2019-03-14,2019,3,Thursday,11,주중,2019-03-15,2019-03-24,9 days,9
8206,카드,D-20190314-0001083-01,2019-03-15 오후 6:24,2019-03-24 오전 3:11,61470,1070.0,1,네이버 페이,2019-03-14,2019,3,Thursday,11,주중,2019-03-15,2019-03-24,9 days,9
8228,카드,D-20190314-0001226-01,2019-03-15 오후 6:24,2019-03-24 오전 3:51,121440,42.0,2,네이버 페이,2019-03-14,2019,3,Thursday,11,주중,2019-03-15,2019-03-24,9 days,9
8231,카드,D-20190314-0001244-01,2019-03-15 오후 6:24,2019-03-24 오전 4:02,32220,1297.0,1,네이버 페이,2019-03-14,2019,3,Thursday,11,주중,2019-03-15,2019-03-24,9 days,9
8232,카드,D-20190314-0001244-02,2019-03-15 오후 6:24,2019-03-24 오전 4:02,35210,1205.0,1,네이버 페이,2019-03-14,2019,3,Thursday,11,주중,2019-03-15,2019-03-24,9 days,9
8233,카드,D-20190314-0001244-03,2019-03-15 오후 6:24,2019-03-24 오전 4:02,11560,1202.0,1,네이버 페이,2019-03-14,2019,3,Thursday,11,주중,2019-03-15,2019-03-24,9 days,9
8299,카드,D-20190315-0000368-01,2019-03-19 오전 9:14,2019-03-27 오전 2:21,64000,1402.0,1,네이버 페이,2019-03-15,2019,3,Friday,11,주중,2019-03-19,2019-03-27,8 days,8
8305,카드,D-20190315-0000391-01,2019-03-15 오후 6:24,2019-03-24 오전 6:06,71220,1124.0,1,네이버 페이,2019-03-15,2019,3,Friday,11,주중,2019-03-15,2019-03-24,9 days,9
8306,카드,D-20190315-0000409-01,2019-03-18 오전 8:46,2019-03-26 오전 2:12,67800,966.0,1,네이버 페이,2019-03-15,2019,3,Friday,11,주중,2019-03-18,2019-03-26,8 days,8
8356,카드,D-20190315-0000759-01,2019-03-15 오후 6:24,2019-03-24 오전 6:25,99400,455.0,2,네이버 페이,2019-03-15,2019,3,Friday,11,주중,2019-03-15,2019-03-24,9 days,9
8386,카드,D-20190315-0001032-01,2019-03-19 오전 9:14,2019-03-27 오전 3:09,59670,1069.0,1,네이버 페이,2019-03-15,2019,3,Friday,11,주중,2019-03-19,2019-03-27,8 days,8
8406,카드,D-20190316-0000090-01,2019-03-19 오전 9:14,2019-03-28 오전 2:27,11010,1267.0,1,네이버 페이,2019-03-16,2019,3,Saturday,11,주말,2019-03-19,2019-03-28,9 days,9
8407,카드,D-20190316-0000106-01,2019-03-19 오전 9:14,2019-03-27 오전 5:26,61900,608.0,1,네이버 페이,2019-03-16,2019,3,Saturday,11,주말,2019-03-19,2019-03-27,8 days,8
8408,카드,D-20190316-0000106-02,2019-03-19 오전 9:14,2019-03-27 오전 5:26,57850,1077.0,1,네이버 페이,2019-03-16,2019,3,Saturday,11,주말,2019-03-19,2019-03-27,8 days,8
8428,카드,D-20190317-0000070-01,2019-03-19 오전 9:14,2019-03-28 오전 3:30,32220,1297.0,1,네이버 페이,2019-03-17,2019,3,Sunday,11,주말,2019-03-19,2019-03-28,9 days,9
8429,카드,D-20190317-0000070-02,2019-03-19 오전 9:14,2019-03-27 오전 8:16,35210,1350.0,1,네이버 페이,2019-03-17,2019,3,Sunday,11,주말,2019-03-19,2019-03-27,8 days,8
8436,실시간계좌이체,D-20190317-0000103-01,2019-03-19 오전 9:14,2019-03-27 오전 8:52,91620,88.0,1,네이버 페이,2019-03-17,2019,3,Sunday,11,주말,2019-03-19,2019-03-27,8 days,8
8442,카드,D-20190317-0000173-01,2019-03-19 오전 9:14,2019-03-27 오전 9:14,61900,608.0,1,네이버 페이,2019-03-17,2019,3,Sunday,11,주말,2019-03-19,2019-03-27,8 days,8
8443,카드,D-20190317-0000173-02,2019-03-19 오전 9:14,2019-03-27 오전 9:14,57850,1077.0,1,네이버 페이,2019-03-17,2019,3,Sunday,11,주말,2019-03-19,2019-03-27,8 days,8
8450,카드,D-20190317-0000221-01,2019-03-19 오전 9:14,2019-03-28 오전 3:50,63620,1089.0,1,네이버 페이,2019-03-17,2019,3,Sunday,11,주말,2019-03-19,2019-03-28,9 days,9
8451,카드,D-20190317-0000221-02,2019-03-19 오전 9:14,2019-03-28 오전 3:50,60720,1539.0,1,네이버 페이,2019-03-17,2019,3,Sunday,11,주말,2019-03-19,2019-03-28,9 days,9
8469,실시간계좌이체,D-20190318-0000052-01,2019-03-19 오전 9:14,2019-03-27 오전 10:51,74600,451.0,1,네이버 페이,2019-03-18,2019,3,Monday,12,주중,2019-03-19,2019-03-27,8 days,8
8475,카드,D-20190318-0000109-01,2019-03-19 오전 9:14,2019-03-28 오전 4:27,36450,1283.0,1,네이버 페이,2019-03-18,2019,3,Monday,12,주중,2019-03-19,2019-03-28,9 days,9
8476,카드,D-20190318-0000109-02,2019-03-19 오전 9:14,2019-03-28 오전 4:27,61470,1070.0,1,네이버 페이,2019-03-18,2019,3,Monday,12,주중,2019-03-19,2019-03-28,9 days,9
8477,카드,D-20190318-0000109-03,2019-03-19 오전 9:14,2019-03-28 오전 4:27,63070,603.0,1,네이버 페이,2019-03-18,2019,3,Monday,12,주중,2019-03-19,2019-03-28,9 days,9
8521,무통장입금,D-20190318-0000358-01,2019-03-19 오전 9:14,2019-03-27 오전 7:01,57850,1077.0,1,네이버 페이,2019-03-18,2019,3,Monday,12,주중,2019-03-19,2019-03-27,8 days,8
8522,무통장입금,D-20190318-0000358-02,2019-03-19 오전 9:14,2019-03-27 오전 7:01,106620,40.0,1,네이버 페이,2019-03-18,2019,3,Monday,12,주중,2019-03-19,2019-03-27,8 days,8
8523,무통장입금,D-20190318-0000358-03,2019-03-19 오전 9:14,2019-03-27 오전 7:01,78270,46.0,1,네이버 페이,2019-03-18,2019,3,Monday,12,주중,2019-03-19,2019-03-27,8 days,8
8524,무통장입금,D-20190318-0000358-04,2019-03-19 오전 9:14,2019-03-27 오전 7:01,48500,447.0,1,네이버 페이,2019-03-18,2019,3,Monday,12,주중,2019-03-19,2019-03-27,8 days,8
8662,카드,D-20190318-0001215-01,2019-03-20 오전 8:46,2019-03-28 오전 6:37,48500,447.0,1,네이버 페이,2019-03-18,2019,3,Monday,12,주중,2019-03-20,2019-03-28,8 days,8
8737,카드,D-20190319-0000421-01,2019-03-20 오전 8:46,2019-03-28 오전 9:10,118250,94.0,1,네이버 페이,2019-03-19,2019,3,Tuesday,12,주중,2019-03-20,2019-03-28,8 days,8
8763,카드,D-20190319-0000634-01,2019-03-20 오전 8:46,2019-03-28 오전 9:23,60720,42.0,1,네이버 페이,2019-03-19,2019,3,Tuesday,12,주중,2019-03-20,2019-03-28,8 days,8
8921,카드,D-20190320-0000659-01,2019-03-21 오전 9:02,2019-03-29 오전 8:10,103300,92.0,1,네이버 페이,2019-03-20,2019,3,Wednesday,12,주중,2019-03-21,2019-03-29,8 days,8
8985,카드,D-20190321-0000111-01,2019-03-22 오전 8:36,2019-03-30 오전 6:44,99350,90.0,1,네이버 페이,2019-03-21,2019,3,Thursday,12,주중,2019-03-22,2019-03-30,8 days,8
9023,카드,D-20190321-0000401-01,2019-03-22 오전 8:36,2019-03-29 오후 4:16,99350,90.0,1,네이버 페이,2019-03-21,2019,3,Thursday,12,주중,2019-03-22,2019-03-29,7 days,7
9079,카드,D-20190321-0000837-01,2019-03-22 오후 6:50,2019-03-31 오전 3:51,63070,603.0,1,네이버 페이,2019-03-21,2019,3,Thursday,12,주중,2019-03-22,2019-03-31,9 days,9
9121,카드,D-20190322-0000257-01,2019-03-22 오후 6:50,2019-03-31 오전 6:29,70540,1332.0,1,네이버 페이,2019-03-22,2019,3,Friday,12,주중,2019-03-22,2019-03-31,9 days,9
9122,카드,D-20190322-0000257-05,2019-03-22 오후 6:50,2019-04-02 오전 2:11,94470,1121.0,1,네이버 페이,2019-03-22,2019,3,Friday,12,주중,2019-03-22,2019-04-02,11 days,11
9123,카드,D-20190322-0000257-03,2019-03-22 오후 6:50,2019-03-31 오전 6:29,133220,1122.0,1,네이버 페이,2019-03-22,2019,3,Friday,12,주중,2019-03-22,2019-03-31,9 days,9
9124,카드,D-20190322-0000257-04,2019-03-22 오후 6:50,2019-03-31 오전 6:29,186300,84.0,2,네이버 페이,2019-03-22,2019,3,Friday,12,주중,2019-03-22,2019-03-31,9 days,9
9213,카드,D-20190322-0001044-01,2019-03-25 오후 6:22,2019-04-03 오전 3:27,45110,144.0,1,네이버 페이,2019-03-22,2019,3,Friday,12,주중,2019-03-25,2019-04-03,9 days,9
9214,카드,D-20190322-0001055-01,2019-03-25 오후 6:22,2019-04-03 오전 3:27,270660,144.0,6,네이버 페이,2019-03-22,2019,3,Friday,12,주중,2019-03-25,2019-04-03,9 days,9
9215,카드,D-20190322-0001060-01,2019-03-25 오후 6:22,2019-04-03 오전 3:46,75820,184.0,1,네이버 페이,2019-03-22,2019,3,Friday,12,주중,2019-03-25,2019-04-03,9 days,9
9219,무통장입금,D-20190323-0000042-01,2019-03-25 오후 6:22,2019-04-03 오전 4:12,83660,256.0,2,네이버 페이,2019-03-23,2019,3,Saturday,12,주말,2019-03-25,2019-04-03,9 days,9
9253,카드,D-20190323-0000285-01,2019-03-25 오후 6:22,2019-04-04 오전 2:40,74600,449.0,1,네이버 페이,2019-03-23,2019,3,Saturday,12,주말,2019-03-25,2019-04-04,10 days,10
9254,카드,D-20190323-0000285-02,2019-03-25 오후 6:22,2019-04-04 오전 2:40,63070,603.0,1,네이버 페이,2019-03-23,2019,3,Saturday,12,주말,2019-03-25,2019-04-04,10 days,10
9277,실시간계좌이체,D-20190324-0000244-01,2019-03-25 오후 6:22,2019-04-03 오전 8:38,105000,1381.0,10,네이버 페이,2019-03-24,2019,3,Sunday,12,주말,2019-03-25,2019-04-03,9 days,9
9288,카드,D-20190324-0000301-01,2019-03-25 오후 6:22,2019-04-04 오전 3:44,59990,378.0,1,네이버 페이,2019-03-24,2019,3,Sunday,12,주말,2019-03-25,2019-04-04,10 days,10
9475,실시간계좌이체,D-20190326-0000391-03,2019-03-26 오후 6:18,2019-04-02 오후 1:01,172040,1169.0,2,네이버 페이,2019-03-26,2019,3,Tuesday,13,주중,2019-03-26,2019-04-02,7 days,7
9476,실시간계좌이체,D-20190326-0000391-02,2019-03-26 오후 6:18,2019-04-02 오후 1:01,366080,1168.0,4,네이버 페이,2019-03-26,2019,3,Tuesday,13,주중,2019-03-26,2019-04-02,7 days,7
9565,카드,D-20190327-0000066-01,2019-03-28 오전 9:50,2019-04-05 오전 6:37,54500,47.0,1,네이버 페이,2019-03-27,2019,3,Wednesday,13,주중,2019-03-28,2019-04-05,8 days,8
9616,카드,D-20190327-0000386-01,2019-03-28 오전 9:50,2019-04-05 오전 7:18,59670,437.0,1,네이버 페이,2019-03-27,2019,3,Wednesday,13,주중,2019-03-28,2019-04-05,8 days,8
9715,휴대폰,D-20190328-0000019-01,2019-03-28 오후 6:40,2019-04-06 오전 5:27,71220,1124.0,1,네이버 페이,2019-03-28,2019,3,Thursday,13,주중,2019-03-28,2019-04-06,9 days,9
9718,무통장입금,D-20190328-0000058-01,2019-03-28 오후 6:40,2019-04-06 오전 2:08,126140,603.0,2,네이버 페이,2019-03-28,2019,3,Thursday,13,주중,2019-03-28,2019-04-06,9 days,9
9769,실시간계좌이체,D-20190328-0000411-01,2019-03-28 오후 6:40,2019-04-06 오전 6:48,68970,1085.0,1,네이버 페이,2019-03-28,2019,3,Thursday,13,주중,2019-03-28,2019-04-06,9 days,9
9849,카드,D-20190328-0000944-01,2019-04-01 오전 9:26,2019-04-09 오후 4:50,75820,188.0,1,네이버 페이,2019-03-28,2019,3,Thursday,13,주중,2019-04-01,2019-04-09,8 days,8
9850,카드,D-20190328-0000944-02,2019-04-01 오전 9:26,2019-04-09 오전 1:25,76710,1106.0,1,네이버 페이,2019-03-28,2019,3,Thursday,13,주중,2019-04-01,2019-04-09,8 days,8
9851,카드,D-20190328-0000944-03,2019-04-01 오전 9:26,2019-04-09 오후 4:50,117620,1374.0,2,네이버 페이,2019-03-28,2019,3,Thursday,13,주중,2019-04-01,2019-04-09,8 days,8
9852,카드,D-20190328-0000944-04,2019-04-01 오전 9:26,2019-04-09 오전 1:25,100540,1373.0,2,네이버 페이,2019-03-28,2019,3,Thursday,13,주중,2019-04-01,2019-04-09,8 days,8
9869,실시간계좌이체,D-20190328-0001107-01,2019-04-01 오전 9:26,2019-04-09 오전 1:32,18380,1269.0,2,네이버 페이,2019-03-28,2019,3,Thursday,13,주중,2019-04-01,2019-04-09,8 days,8
9880,카드,D-20190329-0000012-01,2019-04-01 오전 9:26,2019-04-09 오전 1:38,48500,172.0,1,네이버 페이,2019-03-29,2019,3,Friday,13,주중,2019-04-01,2019-04-09,8 days,8
9925,카드,D-20190329-0000459-01,2019-04-01 오전 9:26,2019-04-09 오전 1:50,126140,603.0,2,네이버 페이,2019-03-29,2019,3,Friday,13,주중,2019-04-01,2019-04-09,8 days,8
10001,실시간계좌이체,D-20190331-0000134-01,2019-04-02 오후 1:42,2019-04-10 오전 7:06,63070,602.0,1,네이버 페이,2019-03-31,2019,3,Sunday,13,주말,2019-04-02,2019-04-10,8 days,8
10142,카드,D-20190401-0000641-01,2019-04-02 오후 1:42,2019-04-10 오전 10:18,151640,176.0,2,네이버 페이,2019-04-01,2019,4,Monday,14,주중,2019-04-02,2019-04-10,8 days,8
10143,카드,D-20190401-0000641-02,2019-04-02 오후 1:42,2019-04-10 오전 10:18,151640,184.0,2,네이버 페이,2019-04-01,2019,4,Monday,14,주중,2019-04-02,2019-04-10,8 days,8
10157,카드,D-20190401-0000717-01,2019-04-02 오후 1:42,2019-04-10 오전 10:24,118170,78.0,1,네이버 페이,2019-04-01,2019,4,Monday,14,주중,2019-04-02,2019-04-10,8 days,8
10165,카드,D-20190401-0000757-01,2019-04-02 오후 1:42,2019-04-10 오전 10:28,18720,1268.0,2,네이버 페이,2019-04-01,2019,4,Monday,14,주중,2019-04-02,2019-04-10,8 days,8
10166,카드,D-20190401-0000757-02,2019-04-02 오후 1:42,2019-04-10 오전 10:28,98360,1357.0,1,네이버 페이,2019-04-01,2019,4,Monday,14,주중,2019-04-02,2019-04-10,8 days,8
10424,무통장입금,D-20190402-0001412-01,2019-04-03 오후 6:36,2019-05-01 오전 1:01,41580,246.0,1,네이버 페이,2019-04-02,2019,4,Tuesday,14,주중,2019-04-03,2019-05-01,28 days,28
10545,카드,D-20190403-0000726-01,2019-04-03 오후 6:36,2019-04-12 오후 7:44,61470,44.0,1,네이버 페이,2019-04-03,2019,4,Wednesday,14,주중,2019-04-03,2019-04-12,9 days,9
10572,카드,D-20190403-0000898-01,2019-04-03 오후 6:36,2019-04-12 오전 7:59,118250,94.0,1,네이버 페이,2019-04-03,2019,4,Wednesday,14,주중,2019-04-03,2019-04-12,9 days,9
10599,휴대폰,D-20190403-0001073-01,2019-04-03 오후 6:36,2019-04-12 오전 6:07,65640,379.0,1,네이버 페이,2019-04-03,2019,4,Wednesday,14,주중,2019-04-03,2019-04-12,9 days,9
10607,실시간계좌이체,D-20190403-0001141-01,2019-04-03 오후 6:36,2019-04-12 오전 6:13,111740,1091.0,2,네이버 페이,2019-04-03,2019,4,Wednesday,14,주중,2019-04-03,2019-04-12,9 days,9
10685,카드,D-20190404-0000028-01,2019-04-05 오후 12:08,2019-04-13 오전 5:55,35210,1205.0,1,네이버 페이,2019-04-04,2019,4,Thursday,14,주중,2019-04-05,2019-04-13,8 days,8
10822,카드,D-20190405-0000016-01,2019-04-05 오후 6:34,2019-04-14 오전 5:02,63070,603.0,1,네이버 페이,2019-04-05,2019,4,Friday,14,주중,2019-04-05,2019-04-14,9 days,9
10847,카드,D-20190405-0000173-01,2019-04-05 오후 6:34,2019-04-14 오전 5:48,85320,50.0,1,네이버 페이,2019-04-05,2019,4,Friday,14,주중,2019-04-05,2019-04-14,9 days,9
10908,카드,D-20190405-0000662-01,2019-04-05 오후 6:34,2019-04-14 오전 6:19,35000,1517.0,1,네이버 페이,2019-04-05,2019,4,Friday,14,주중,2019-04-05,2019-04-14,9 days,9
10916,무통장입금,D-20190405-0000713-00,2019-04-09 오전 8:48,2019-04-16 오전 5:32,82580,927.0,1,모바일웹,2019-04-05,2019,4,Friday,14,주중,2019-04-09,2019-04-16,7 days,7
10923,무통장입금,D-20190405-0000713-08,2019-04-09 오전 8:48,2019-04-16 오전 5:32,77480,931.0,1,모바일웹,2019-04-05,2019,4,Friday,14,주중,2019-04-09,2019-04-16,7 days,7
10957,카드,D-20190405-0001017-01,2019-04-09 오전 8:48,2019-04-17 오전 2:47,61470,1070.0,1,네이버 페이,2019-04-05,2019,4,Friday,14,주중,2019-04-09,2019-04-17,8 days,8
10958,카드,D-20190405-0001017-02,2019-04-09 오전 8:48,2019-04-17 오전 2:47,63070,603.0,1,네이버 페이,2019-04-05,2019,4,Friday,14,주중,2019-04-09,2019-04-17,8 days,8
10990,카드,D-20190406-0000163-01,2019-04-09 오전 8:48,2019-04-17 오전 4:47,126140,602.0,2,네이버 페이,2019-04-06,2019,4,Saturday,14,주말,2019-04-09,2019-04-17,8 days,8
11042,카드,D-20190407-0000272-01,2019-04-09 오전 8:48,2019-04-17 오전 8:09,60720,42.0,1,네이버 페이,2019-04-07,2019,4,Sunday,14,주말,2019-04-09,2019-04-17,8 days,8
11103,카드,D-20190408-0000329-01,2019-04-09 오전 8:48,2019-04-18 오전 4:43,65640,379.0,1,네이버 페이,2019-04-08,2019,4,Monday,15,주중,2019-04-09,2019-04-18,9 days,9
11147,카드,D-20190408-0000676-01,2019-04-09 오후 6:44,2019-04-18 오전 5:25,48500,447.0,1,네이버 페이,2019-04-08,2019,4,Monday,15,주중,2019-04-09,2019-04-18,9 days,9
11148,카드,D-20190408-0000689-01,2019-04-09 오후 6:44,2019-04-18 오전 5:25,61470,1070.0,1,네이버 페이,2019-04-08,2019,4,Monday,15,주중,2019-04-09,2019-04-18,9 days,9
11149,카드,D-20190408-0000695-01,2019-04-09 오후 6:44,2019-04-18 오전 5:25,64070,1071.0,1,네이버 페이,2019-04-08,2019,4,Monday,15,주중,2019-04-09,2019-04-18,9 days,9
11246,카드,D-20190409-0000208-01,2019-04-09 오후 6:44,2019-04-18 오전 8:43,166220,1055.0,2,네이버 페이,2019-04-09,2019,4,Tuesday,15,주중,2019-04-09,2019-04-18,9 days,9
11261,카드,D-20190409-0000317-01,2019-04-09 오후 6:44,2019-04-18 오전 8:54,74920,1233.0,1,네이버 페이,2019-04-09,2019,4,Tuesday,15,주중,2019-04-09,2019-04-18,9 days,9
11328,카드,D-20190409-0000747-01,2019-04-10 오후 6:34,2019-04-19 오전 3:23,46310,1139.0,1,네이버 페이,2019-04-09,2019,4,Tuesday,15,주중,2019-04-10,2019-04-19,9 days,9
11329,카드,D-20190409-0000759-01,2019-04-10 오후 6:34,2019-04-19 오전 3:23,60900,1374.0,1,네이버 페이,2019-04-09,2019,4,Tuesday,15,주중,2019-04-10,2019-04-19,9 days,9
11348,실시간계좌이체,D-20190409-0000903-01,2019-04-10 오후 6:34,2019-04-19 오전 3:49,61900,608.0,1,네이버 페이,2019-04-09,2019,4,Tuesday,15,주중,2019-04-10,2019-04-19,9 days,9
11403,무통장입금,D-20190410-0000096-01,2019-04-10 오후 6:34,2019-04-19 오전 4:42,63620,1089.0,1,네이버 페이,2019-04-10,2019,4,Wednesday,15,주중,2019-04-10,2019-04-19,9 days,9
11486,카드,D-20190410-0000689-01,2019-04-11 오후 6:42,2019-04-20 오전 2:34,99350,90.0,1,네이버 페이,2019-04-10,2019,4,Wednesday,15,주중,2019-04-11,2019-04-20,9 days,9
11529,카드,D-20190410-0000989-01,2019-04-11 오후 6:42,2019-04-21 오전 2:00,49700,455.0,1,네이버 페이,2019-04-10,2019,4,Wednesday,15,주중,2019-04-11,2019-04-21,10 days,10
11556,카드,D-20190411-0000021-01,2019-04-11 오후 6:42,2019-04-20 오전 4:47,86020,1169.0,1,네이버 페이,2019-04-11,2019,4,Thursday,15,주중,2019-04-11,2019-04-20,9 days,9
11584,실시간계좌이체,D-20190411-0000266-01,2019-04-11 오후 6:42,2019-04-20 오전 5:38,35210,1350.0,1,네이버 페이,2019-04-11,2019,4,Thursday,15,주중,2019-04-11,2019-04-20,9 days,9
11824,실시간계좌이체,D-20190413-0000092-01,2019-04-15 오후 6:42,2019-04-24 오전 4:17,52400,1373.0,1,네이버 페이,2019-04-13,2019,4,Saturday,15,주말,2019-04-15,2019-04-24,9 days,9
11825,실시간계좌이체,D-20190413-0000092-02,2019-04-15 오후 6:42,2019-04-24 오전 4:17,60900,1374.0,1,네이버 페이,2019-04-13,2019,4,Saturday,15,주말,2019-04-15,2019-04-24,9 days,9
11834,카드,D-20190413-0000157-01,2019-04-15 오후 6:42,2019-04-25 오전 2:09,98600,605.0,1,네이버 페이,2019-04-13,2019,4,Saturday,15,주말,2019-04-15,2019-04-25,10 days,10
11839,휴대폰,D-20190413-0000193-01,2019-04-15 오후 6:42,2019-04-23 오후 8:16,74920,1234.0,1,네이버 페이,2019-04-13,2019,4,Saturday,15,주말,2019-04-15,2019-04-23,8 days,8
11879,카드,D-20190414-0000173-01,2019-04-15 오후 6:42,2019-04-24 오전 7:08,98560,1301.0,1,네이버 페이,2019-04-14,2019,4,Sunday,15,주말,2019-04-15,2019-04-24,9 days,9
11886,무통장입금,D-20190414-0000221-01,2019-04-15 오후 6:42,2019-04-24 오전 7:12,121800,1374.0,2,네이버 페이,2019-04-14,2019,4,Sunday,15,주말,2019-04-15,2019-04-24,9 days,9
11887,무통장입금,D-20190414-0000221-02,2019-04-15 오후 6:42,2019-04-24 오전 7:12,104800,1373.0,2,네이버 페이,2019-04-14,2019,4,Sunday,15,주말,2019-04-15,2019-04-24,9 days,9
11919,실시간계좌이체,D-20190415-0000016-01,2019-04-15 오후 6:42,2019-04-24 오전 9:11,74600,451.0,1,네이버 페이,2019-04-15,2019,4,Monday,16,주중,2019-04-15,2019-04-24,9 days,9
11920,카드,D-20190415-0000027-01,2019-04-15 오후 6:42,2019-04-24 오전 9:11,65640,379.0,1,네이버 페이,2019-04-15,2019,4,Monday,16,주중,2019-04-15,2019-04-24,9 days,9
11921,카드,D-20190415-0000031-01,2019-04-15 오후 6:42,2019-04-24 오전 9:11,94470,1121.0,1,네이버 페이,2019-04-15,2019,4,Monday,16,주중,2019-04-15,2019-04-24,9 days,9
11922,카드,D-20190415-0000046-01,2019-04-15 오후 6:42,2019-05-08 오후 8:42,39300,1445.0,1,네이버 페이,2019-04-15,2019,4,Monday,16,주중,2019-04-15,2019-05-08,23 days,23
11939,실시간계좌이체,D-20190415-0000194-01,2019-04-15 오후 6:42,2019-04-24 오전 9:30,68970,1085.0,1,네이버 페이,2019-04-15,2019,4,Monday,16,주중,2019-04-15,2019-04-24,9 days,9
11976,카드,D-20190415-0000433-01,2019-04-15 오후 6:42,2019-04-24 오전 9:52,61470,1070.0,1,네이버 페이,2019-04-15,2019,4,Monday,16,주중,2019-04-15,2019-04-24,9 days,9
11996,카드,D-20190415-0000627-01,2019-04-15 오후 6:42,2019-04-24 오전 10:14,63620,43.0,1,네이버 페이,2019-04-15,2019,4,Monday,16,주중,2019-04-15,2019-04-24,9 days,9
11997,카드,D-20190415-0000627-02,2019-04-16 오후 6:26,2019-04-25 오전 4:25,64070,1071.0,1,네이버 페이,2019-04-15,2019,4,Monday,16,주중,2019-04-16,2019-04-25,9 days,9
12034,카드,D-20190415-0000904-01,2019-04-15 오후 6:42,2019-04-24 오전 10:30,153420,1106.0,2,네이버 페이,2019-04-15,2019,4,Monday,16,주중,2019-04-15,2019-04-24,9 days,9
12035,카드,D-20190415-0000904-04,2019-04-15 오후 6:42,2019-04-24 오전 10:30,121800,1374.0,2,네이버 페이,2019-04-15,2019,4,Monday,16,주중,2019-04-15,2019-04-24,9 days,9
12036,카드,D-20190415-0000904-05,2019-04-15 오후 6:42,2019-04-24 오전 10:30,104800,1373.0,2,네이버 페이,2019-04-15,2019,4,Monday,16,주중,2019-04-15,2019-04-24,9 days,9
12045,카드,D-20190415-0000973-01,2019-04-15 오후 6:42,2019-04-24 오전 10:38,74200,106.0,1,네이버 페이,2019-04-15,2019,4,Monday,16,주중,2019-04-15,2019-04-24,9 days,9
12058,무통장입금,D-20190415-0001081-01,2019-04-16 오후 6:26,2019-04-25 오전 4:43,98600,605.0,1,네이버 페이,2019-04-15,2019,4,Monday,16,주중,2019-04-16,2019-04-25,9 days,9
12066,무통장입금,D-20190415-0001119-01,2019-04-18 오전 9:44,2019-04-26 오전 2:09,79620,1230.0,1,네이버 페이,2019-04-15,2019,4,Monday,16,주중,2019-04-18,2019-04-26,8 days,8
12127,실시간계좌이체,D-20190416-0000125-01,2019-04-16 오후 6:26,2019-04-25 오전 7:55,61900,608.0,1,네이버 페이,2019-04-16,2019,4,Tuesday,16,주중,2019-04-16,2019-04-25,9 days,9
12161,실시간계좌이체,D-20190416-0000376-01,2019-04-16 오후 6:26,2019-04-26 오전 3:09,61470,1070.0,1,네이버 페이,2019-04-16,2019,4,Tuesday,16,주중,2019-04-16,2019-04-26,10 days,10
12162,실시간계좌이체,D-20190416-0000389-01,2019-04-16 오후 6:26,2019-04-26 오전 3:09,67650,1316.0,1,네이버 페이,2019-04-16,2019,4,Tuesday,16,주중,2019-04-16,2019-04-26,10 days,10
12163,실시간계좌이체,D-20190416-0000391-01,2019-04-16 오후 6:26,2019-04-26 오전 3:09,55870,1091.0,1,네이버 페이,2019-04-16,2019,4,Tuesday,16,주중,2019-04-16,2019-04-26,10 days,10
12197,무통장입금,D-20190416-0000710-01,2019-04-16 오후 6:26,2019-04-25 오전 8:39,32220,1297.0,1,네이버 페이,2019-04-16,2019,4,Tuesday,16,주중,2019-04-16,2019-04-25,9 days,9
12216,무통장입금,D-20190416-0000804-01,2019-04-16 오후 6:26,2019-04-25 오전 8:48,49700,455.0,1,네이버 페이,2019-04-16,2019,4,Tuesday,16,주중,2019-04-16,2019-04-25,9 days,9
12232,실시간계좌이체,D-20190416-0001011-01,2019-04-18 오전 9:44,2019-04-26 오전 4:09,23120,1202.0,2,네이버 페이,2019-04-16,2019,4,Tuesday,16,주중,2019-04-18,2019-04-26,8 days,8
12259,카드,D-20190417-0000029-01,2019-04-18 오전 9:44,2019-04-25 오후 12:10,26700,1516.0,1,네이버 페이,2019-04-17,2019,4,Wednesday,16,주중,2019-04-18,2019-04-25,7 days,7
12326,카드,D-20190417-0000606-01,2019-04-18 오전 9:44,2019-04-26 오전 7:40,42510,248.0,1,네이버 페이,2019-04-17,2019,4,Wednesday,16,주중,2019-04-18,2019-04-26,8 days,8
12363,카드,D-20190417-0000861-05,2019-04-18 오후 6:52,2019-04-27 오전 3:33,68970,1085.0,1,네이버 페이,2019-04-17,2019,4,Wednesday,16,주중,2019-04-18,2019-04-27,9 days,9
12364,카드,D-20190417-0000861-06,2019-04-18 오후 6:52,2019-04-27 오전 3:33,64070,1071.0,1,네이버 페이,2019-04-17,2019,4,Wednesday,16,주중,2019-04-18,2019-04-27,9 days,9
12365,카드,D-20190417-0000861-03,2019-04-19 오후 6:32,2019-04-28 오전 1:49,79620,1230.0,1,네이버 페이,2019-04-17,2019,4,Wednesday,16,주중,2019-04-19,2019-04-28,9 days,9
12366,카드,D-20190417-0000861-07,2019-04-18 오후 6:52,2019-04-27 오전 3:33,88480,1359.0,1,네이버 페이,2019-04-17,2019,4,Wednesday,16,주중,2019-04-18,2019-04-27,9 days,9
12388,카드,D-20190417-0001035-01,2019-04-18 오후 6:52,2019-04-27 오전 4:29,99350,90.0,1,네이버 페이,2019-04-17,2019,4,Wednesday,16,주중,2019-04-18,2019-04-27,9 days,9
12432,카드,D-20190418-0000331-01,2019-04-18 오후 6:52,2019-04-27 오전 7:08,55870,1091.0,1,네이버 페이,2019-04-18,2019,4,Thursday,16,주중,2019-04-18,2019-04-27,9 days,9
12569,카드,D-20190419-0000703-01,2019-04-22 오후 6:40,2019-05-01 오전 2:42,61900,608.0,1,네이버 페이,2019-04-19,2019,4,Friday,16,주중,2019-04-22,2019-05-01,9 days,9
12604,카드,D-20190420-0000208-01,2019-04-22 오후 6:40,2019-05-01 오전 5:47,151640,176.0,2,네이버 페이,2019-04-20,2019,4,Saturday,16,주말,2019-04-22,2019-05-01,9 days,9
12608,카드,D-20190420-0000234-01,2019-04-22 오후 6:40,2019-05-01 오전 6:04,103300,92.0,1,네이버 페이,2019-04-20,2019,4,Saturday,16,주말,2019-04-22,2019-05-01,9 days,9
12614,카드,D-20190421-0000011-01,2019-04-22 오후 6:40,2019-05-02 오전 2:47,63070,603.0,1,네이버 페이,2019-04-21,2019,4,Sunday,16,주말,2019-04-22,2019-05-02,10 days,10
12835,카드,D-20190423-0000014-01,2019-04-23 오후 6:54,2019-05-02 오전 7:02,48500,172.0,1,네이버 페이,2019-04-23,2019,4,Tuesday,17,주중,2019-04-23,2019-05-02,9 days,9
12900,카드,D-20190423-0000504-01,2019-04-23 오후 6:54,2019-05-02 오전 8:38,151640,184.0,2,네이버 페이,2019-04-23,2019,4,Tuesday,17,주중,2019-04-23,2019-05-02,9 days,9
12967,무통장입금,D-20190423-0000904-01,2019-04-25 오전 9:38,2019-05-03 오전 4:11,60720,1539.0,1,네이버 페이,2019-04-23,2019,4,Tuesday,17,주중,2019-04-25,2019-05-03,8 days,8
12975,카드,D-20190423-0000985-01,2019-04-25 오전 9:38,2019-05-03 오전 4:26,18380,1269.0,2,네이버 페이,2019-04-23,2019,4,Tuesday,17,주중,2019-04-25,2019-05-03,8 days,8
13014,카드,D-20190424-0000059-01,2019-04-25 오전 9:38,2019-05-03 오전 7:19,59670,437.0,1,네이버 페이,2019-04-24,2019,4,Wednesday,17,주중,2019-04-25,2019-05-03,8 days,8
13022,카드,D-20190424-0000105-01,2019-04-25 오전 9:38,2019-05-03 오전 7:30,243600,1374.0,4,네이버 페이,2019-04-24,2019,4,Wednesday,17,주중,2019-04-25,2019-05-03,8 days,8
13023,카드,D-20190424-0000105-02,2019-04-25 오전 9:38,2019-05-03 오전 7:30,209600,1373.0,4,네이버 페이,2019-04-24,2019,4,Wednesday,17,주중,2019-04-25,2019-05-03,8 days,8
13064,카드,D-20190424-0000348-01,2019-04-25 오전 9:38,2019-05-03 오전 8:06,118250,94.0,1,네이버 페이,2019-04-24,2019,4,Wednesday,17,주중,2019-04-25,2019-05-03,8 days,8
13131,카드,D-20190424-0000804-01,2019-04-25 오후 6:32,2019-05-19 오전 10:48,32000,1449.0,1,네이버 페이,2019-04-24,2019,4,Wednesday,17,주중,2019-04-25,2019-05-19,24 days,24
13132,카드,D-20190424-0000814-01,2019-04-25 오후 6:32,2019-05-04 오전 3:51,61900,608.0,1,네이버 페이,2019-04-24,2019,4,Wednesday,17,주중,2019-04-25,2019-05-04,9 days,9
13145,카드,D-20190424-0000891-01,2019-04-25 오후 6:32,2019-05-04 오전 4:27,118250,94.0,1,네이버 페이,2019-04-24,2019,4,Wednesday,17,주중,2019-04-25,2019-05-04,9 days,9
13252,카드,D-20190425-0000617-01,2019-04-25 오후 6:32,2019-05-23 오전 1:02,170640,50.0,2,네이버 페이,2019-04-25,2019,4,Thursday,17,주중,2019-04-25,2019-05-23,28 days,28
13259,카드,D-20190425-0000661-01,2019-04-25 오후 6:32,2019-05-04 오전 7:27,63620,43.0,1,네이버 페이,2019-04-25,2019,4,Thursday,17,주중,2019-04-25,2019-05-04,9 days,9
13337,카드,D-20190426-0000101-01,2019-04-29 오전 9:02,2019-05-07 오전 1:44,48500,447.0,1,네이버 페이,2019-04-26,2019,4,Friday,17,주중,2019-04-29,2019-05-07,8 days,8
13354,실시간계좌이체,D-20190426-0000315-01,2019-04-29 오전 9:02,2019-05-07 오전 1:48,68970,1085.0,1,네이버 페이,2019-04-26,2019,4,Friday,17,주중,2019-04-29,2019-05-07,8 days,8
13428,카드,D-20190426-0000884-01,2019-04-29 오후 6:34,2019-05-09 오전 2:17,99400,455.0,2,네이버 페이,2019-04-26,2019,4,Friday,17,주중,2019-04-29,2019-05-09,10 days,10
13430,실시간계좌이체,D-20190427-0000050-01,2019-04-29 오후 6:34,2019-05-08 오전 4:35,91620,88.0,1,네이버 페이,2019-04-27,2019,4,Saturday,17,주말,2019-04-29,2019-05-08,9 days,9
13451,카드,D-20190427-0000233-01,2019-04-29 오후 6:34,2019-05-07 오후 8:32,74990,1375.0,1,네이버 페이,2019-04-27,2019,4,Saturday,17,주말,2019-04-29,2019-05-07,8 days,8
13462,카드,D-20190428-0000083-01,2019-04-29 오후 6:34,2019-05-09 오전 3:36,54550,1341.0,1,네이버 페이,2019-04-28,2019,4,Sunday,17,주말,2019-04-29,2019-05-09,10 days,10
13465,카드,D-20190428-0000116-01,2019-04-29 오후 6:36,2019-05-08 오전 8:04,63070,602.0,1,네이버 페이,2019-04-28,2019,4,Sunday,17,주말,2019-04-29,2019-05-08,9 days,9
13490,카드,D-20190428-0000360-01,2019-04-29 오후 6:36,2019-05-09 오전 4:07,61470,44.0,1,네이버 페이,2019-04-28,2019,4,Sunday,17,주말,2019-04-29,2019-05-09,10 days,10
13558,실시간계좌이체,D-20190429-0000494-01,2019-04-29 오후 6:36,2019-05-08 오후 12:55,74600,451.0,1,네이버 페이,2019-04-29,2019,4,Monday,18,주중,2019-04-29,2019-05-08,9 days,9
13584,카드,D-20190429-0000664-01,2019-04-29 오후 6:36,2019-05-06 오후 11:02,103300,92.0,1,네이버 페이,2019-04-29,2019,4,Monday,18,주중,2019-04-29,2019-05-06,7 days,7
13605,카드,D-20190429-0000775-03,2019-04-29 오후 6:36,2019-05-09 오전 7:49,69400,480.0,1,네이버 페이,2019-04-29,2019,4,Monday,18,주중,2019-04-29,2019-05-09,10 days,10
13606,카드,D-20190429-0000775-02,2019-04-29 오후 6:44,2019-05-09 오전 7:49,86020,1169.0,1,네이버 페이,2019-04-29,2019,4,Monday,18,주중,2019-04-29,2019-05-09,10 days,10
13615,카드,D-20190429-0000829-01,2019-04-29 오후 6:36,2019-05-08 오후 1:43,243600,1374.0,4,네이버 페이,2019-04-29,2019,4,Monday,18,주중,2019-04-29,2019-05-08,9 days,9
13616,카드,D-20190429-0000829-02,2019-04-29 오후 6:36,2019-05-09 오전 7:52,209600,1373.0,4,네이버 페이,2019-04-29,2019,4,Monday,18,주중,2019-04-29,2019-05-09,10 days,10
13636,무통장입금,D-20190429-0000961-01,2019-05-03 오전 11:20,2019-05-11 오전 1:40,207440,70.0,2,네이버 페이,2019-04-29,2019,4,Monday,18,주중,2019-05-03,2019-05-11,8 days,8
13637,무통장입금,D-20190429-0000961-02,2019-04-30 오후 6:34,2019-05-09 오전 7:30,79620,1230.0,1,네이버 페이,2019-04-29,2019,4,Monday,18,주중,2019-04-30,2019-05-09,9 days,9
13665,카드,D-20190429-0001192-01,2019-04-30 오후 6:34,2019-05-09 오전 4:57,61900,608.0,1,네이버 페이,2019-04-29,2019,4,Monday,18,주중,2019-04-30,2019-05-09,9 days,9
13696,카드,D-20190429-0001503-01,2019-04-30 오후 6:34,2019-05-08 오후 2:30,78270,1540.0,1,네이버 페이,2019-04-29,2019,4,Monday,18,주중,2019-04-30,2019-05-08,8 days,8
13774,카드,D-20190430-0000436-05,2019-04-30 오후 6:34,2019-05-09 오전 9:13,32220,1297.0,1,네이버 페이,2019-04-30,2019,4,Tuesday,18,주중,2019-04-30,2019-05-09,9 days,9
13775,카드,D-20190430-0000436-06,2019-04-30 오후 6:34,2019-05-09 오전 9:13,35210,1205.0,1,네이버 페이,2019-04-30,2019,4,Tuesday,18,주중,2019-04-30,2019-05-09,9 days,9
13776,카드,D-20190430-0000436-07,2019-04-30 오후 6:34,2019-05-09 오전 9:13,74620,479.0,1,네이버 페이,2019-04-30,2019,4,Tuesday,18,주중,2019-04-30,2019-05-09,9 days,9
13777,카드,D-20190430-0000436-04,2019-04-30 오후 6:34,2019-05-21 오전 11:48,97000,172.0,2,네이버 페이,2019-04-30,2019,4,Tuesday,18,주중,2019-04-30,2019-05-21,21 days,21
13970,카드,D-20190501-0000146-01,2019-05-03 오전 11:20,2019-05-11 오전 3:58,170640,50.0,2,네이버 페이,2019-05-01,2019,5,Wednesday,18,주중,2019-05-03,2019-05-11,8 days,8
14013,카드,D-20190501-0000488-01,2019-05-03 오전 11:20,2019-05-11 오전 4:53,60900,1374.0,1,네이버 페이,2019-05-01,2019,5,Wednesday,18,주중,2019-05-03,2019-05-11,8 days,8
14014,카드,D-20190501-0000492-01,2019-05-03 오전 11:20,2019-05-11 오전 4:53,52400,1373.0,1,네이버 페이,2019-05-01,2019,5,Wednesday,18,주중,2019-05-03,2019-05-11,8 days,8
14166,무통장입금,D-20190502-0000727-01,2019-05-03 오전 11:20,2019-05-11 오전 2:18,110570,41.0,1,네이버 페이,2019-05-02,2019,5,Thursday,18,주중,2019-05-03,2019-05-11,8 days,8
14230,카드,D-20190502-0001141-01,2019-05-03 오전 11:20,2019-05-11 오전 9:20,249330,1055.0,3,네이버 페이,2019-05-02,2019,5,Thursday,18,주중,2019-05-03,2019-05-11,8 days,8
16408,카드,D-20190522-0000101-00,2019-05-23 오전 8:50,2019-05-31 오전 6:57,119340,437.0,2,네이버 페이,2019-05-22,2019,5,Wednesday,21,주중,2019-05-23,2019-05-31,8 days,8
16473,카드,D-20190522-0000532-00,2019-05-23 오전 8:50,2019-05-31 오전 7:44,18300,215.0,1,네이버 페이,2019-05-22,2019,5,Wednesday,21,주중,2019-05-23,2019-05-31,8 days,8
16474,카드,D-20190522-0000532-00,2019-05-23 오전 8:50,2019-05-31 오전 7:44,58000,396.0,1,네이버 페이,2019-05-22,2019,5,Wednesday,21,주중,2019-05-23,2019-05-31,8 days,8
16512,카드,D-20190522-0000825-00,2019-05-24 오전 10:18,2019-06-03 오전 12:49,99400,455.0,2,네이버 페이,2019-05-22,2019,5,Wednesday,21,주중,2019-05-24,2019-06-03,10 days,10
16513,카드,D-20190522-0000836-00,2019-05-24 오후 6:30,2019-06-01 오전 3:36,97000,172.0,2,네이버 페이,2019-05-22,2019,5,Wednesday,21,주중,2019-05-24,2019-06-01,8 days,8
16514,카드,D-20190522-0000844-00,2019-05-24 오전 10:18,2019-06-01 오전 3:36,64070,45.0,1,네이버 페이,2019-05-22,2019,5,Wednesday,21,주중,2019-05-24,2019-06-01,8 days,8
16523,카드,D-20190522-0000890-00,2019-05-24 오전 10:18,2019-06-01 오전 3:38,59670,437.0,1,네이버 페이,2019-05-22,2019,5,Wednesday,21,주중,2019-05-24,2019-06-01,8 days,8
16556,카드,D-20190522-0001114-00,2019-05-24 오전 10:18,2019-06-01 오전 4:31,102680,1224.0,1,네이버 페이,2019-05-22,2019,5,Wednesday,21,주중,2019-05-24,2019-06-01,8 days,8
16565,카드,D-20190523-0000012-00,2019-05-24 오전 10:18,2019-06-01 오전 6:06,48500,172.0,1,네이버 페이,2019-05-23,2019,5,Thursday,21,주중,2019-05-24,2019-06-01,8 days,8
16599,무통장입금,D-20190523-0000240-00,2019-05-24 오전 10:18,2019-06-02 오전 2:26,54550,1341.0,1,네이버 페이,2019-05-23,2019,5,Thursday,21,주중,2019-05-24,2019-06-02,9 days,9
16653,카드,D-20190523-0000658-00,2019-05-24 오후 6:30,2019-06-02 오전 2:58,91620,88.0,1,네이버 페이,2019-05-23,2019,5,Thursday,21,주중,2019-05-24,2019-06-02,9 days,9
16654,카드,D-20190523-0000658-00,2019-05-24 오후 6:30,2019-06-02 오전 2:58,99350,90.0,1,네이버 페이,2019-05-23,2019,5,Thursday,21,주중,2019-05-24,2019-06-02,9 days,9
16655,카드,D-20190523-0000666-00,2019-05-24 오후 6:30,2019-06-02 오전 3:00,35000,1205.0,1,네이버 페이,2019-05-23,2019,5,Thursday,21,주중,2019-05-24,2019-06-02,9 days,9
16672,카드,D-20190523-0000847-00,2019-05-24 오후 6:30,2019-06-02 오전 3:23,86020,1169.0,1,네이버 페이,2019-05-23,2019,5,Thursday,21,주중,2019-05-24,2019-06-02,9 days,9
16679,카드,D-20190523-0000903-00,2019-05-24 오후 6:30,2019-06-02 오전 3:56,21500,217.0,1,네이버 페이,2019-05-23,2019,5,Thursday,21,주중,2019-05-24,2019-06-02,9 days,9
16680,카드,D-20190523-0000903-00,2019-05-24 오후 6:30,2019-06-02 오전 3:56,41000,392.0,1,네이버 페이,2019-05-23,2019,5,Thursday,21,주중,2019-05-24,2019-06-02,9 days,9
16761,실시간계좌이체,D-20190524-0000453-00,2019-05-24 오후 6:30,2019-06-02 오전 5:08,21500,217.0,1,네이버 페이,2019-05-24,2019,5,Friday,21,주중,2019-05-24,2019-06-02,9 days,9
16762,실시간계좌이체,D-20190524-0000453-00,2019-05-24 오후 6:30,2019-06-02 오전 5:08,59000,1074.0,1,네이버 페이,2019-05-24,2019,5,Friday,21,주중,2019-05-24,2019-06-02,9 days,9
16766,카드,D-20190524-0000502-00,2019-05-24 오후 6:30,2019-06-02 오전 5:12,121800,1374.0,2,네이버 페이,2019-05-24,2019,5,Friday,21,주중,2019-05-24,2019-06-02,9 days,9
16767,카드,D-20190524-0000502-00,2019-05-24 오후 6:30,2019-06-02 오전 5:12,104800,1373.0,2,네이버 페이,2019-05-24,2019,5,Friday,21,주중,2019-05-24,2019-06-02,9 days,9
16779,카드,D-20190524-0000617-00,2019-05-28 오전 10:10,2019-06-05 오전 3:08,57850,1077.0,1,네이버 페이,2019-05-24,2019,5,Friday,21,주중,2019-05-28,2019-06-05,8 days,8
16780,카드,D-20190524-0000629-00,2019-05-28 오전 10:10,2019-06-05 오전 3:18,60900,1374.0,1,네이버 페이,2019-05-24,2019,5,Friday,21,주중,2019-05-28,2019-06-05,8 days,8
16859,무통장입금,D-20190527-0000091-01,2019-05-28 오전 10:10,2019-06-05 오전 12:56,78970,478.0,1,네이버 페이,2019-05-27,2019,5,Monday,22,주중,2019-05-28,2019-06-05,8 days,8
16860,무통장입금,D-20190527-0000091-00,2019-05-28 오전 10:10,2019-06-05 오전 12:56,69400,480.0,1,네이버 페이,2019-05-27,2019,5,Monday,22,주중,2019-05-28,2019-06-05,8 days,8
16911,카드,D-20190527-0000425-00,2019-05-28 오전 10:10,2019-06-05 오전 11:47,118250,94.0,1,네이버 페이,2019-05-27,2019,5,Monday,22,주중,2019-05-28,2019-06-05,8 days,8
16920,실시간계좌이체,D-20190527-0000483-00,2019-05-28 오전 10:10,2019-06-05 오전 11:56,68970,1085.0,1,네이버 페이,2019-05-27,2019,5,Monday,22,주중,2019-05-28,2019-06-05,8 days,8
16959,카드,D-20190527-0000713-00,2019-05-28 오전 10:10,2019-06-06 오전 5:13,60020,1275.0,1,네이버 페이,2019-05-27,2019,5,Monday,22,주중,2019-05-28,2019-06-06,9 days,9
17097,카드,D-20190528-0000323-00,2019-05-29 오전 11:32,2019-06-06 오전 9:10,31900,1327.0,1,네이버 페이,2019-05-28,2019,5,Tuesday,22,주중,2019-05-29,2019-06-06,8 days,8
17136,카드,D-20190528-0000656-00,2019-05-29 오전 11:32,2019-06-06 오전 9:41,86020,1169.0,1,네이버 페이,2019-05-28,2019,5,Tuesday,22,주중,2019-05-29,2019-06-06,8 days,8
17209,카드,D-20190528-0001201-00,2019-05-30 오전 10:20,2019-06-07 오전 5:43,98560,1301.0,1,네이버 페이,2019-05-28,2019,5,Tuesday,22,주중,2019-05-30,2019-06-07,8 days,8
17246,카드,D-20190529-0000316-00,2019-05-30 오전 10:20,2019-06-07 오전 7:30,133220,1122.0,1,네이버 페이,2019-05-29,2019,5,Wednesday,22,주중,2019-05-30,2019-06-07,8 days,8
17293,카드,D-20190529-0000702-00,2019-05-30 오후 6:42,2019-06-08 오전 3:22,18300,215.0,1,네이버 페이,2019-05-29,2019,5,Wednesday,22,주중,2019-05-30,2019-06-08,9 days,9
17294,카드,D-20190529-0000702-00,2019-05-30 오후 6:42,2019-06-08 오전 3:22,49000,388.0,1,네이버 페이,2019-05-29,2019,5,Wednesday,22,주중,2019-05-30,2019-06-08,9 days,9
17314,카드,D-20190529-0000823-00,2019-05-30 오후 6:42,2019-06-06 오후 3:02,182700,1374.0,3,네이버 페이,2019-05-29,2019,5,Wednesday,22,주중,2019-05-30,2019-06-06,7 days,7
17315,카드,D-20190529-0000823-00,2019-05-30 오후 6:42,2019-06-06 오후 3:02,104800,1373.0,2,네이버 페이,2019-05-29,2019,5,Wednesday,22,주중,2019-05-30,2019-06-06,7 days,7
17415,카드,D-20190530-0000507-00,2019-05-31 오후 6:12,2019-06-07 오전 1:07,51700,395.0,1,네이버 페이,2019-05-30,2019,5,Thursday,22,주중,2019-05-31,2019-06-07,7 days,7
17464,무통장입금,D-20190531-0000025-00,2019-05-31 오후 6:12,2019-06-09 오전 5:27,18300,215.0,1,네이버 페이,2019-05-31,2019,5,Friday,22,주중,2019-05-31,2019-06-09,9 days,9
17465,무통장입금,D-20190531-0000025-00,2019-05-31 오후 6:12,2019-06-09 오전 5:27,98000,388.0,2,네이버 페이,2019-05-31,2019,5,Friday,22,주중,2019-05-31,2019-06-09,9 days,9
17469,카드,D-20190531-0000054-00,2019-05-31 오후 6:12,2019-06-09 오전 5:56,64070,1071.0,1,네이버 페이,2019-05-31,2019,5,Friday,22,주중,2019-05-31,2019-06-09,9 days,9
17470,카드,D-20190531-0000054-01,2019-05-31 오후 6:12,2019-06-09 오전 5:56,79620,1230.0,1,네이버 페이,2019-05-31,2019,5,Friday,22,주중,2019-05-31,2019-06-09,9 days,9
17471,적립금,D-20190531-0000066-00,2019-05-31 오후 6:12,2019-06-09 오전 5:57,35000,1205.0,1,네이버 페이,2019-05-31,2019,5,Friday,22,주중,2019-05-31,2019-06-09,9 days,9
17472,적립금,D-20190531-0000066-00,2019-05-31 오후 6:12,2019-06-09 오전 5:57,32220,1297.0,1,네이버 페이,2019-05-31,2019,5,Friday,22,주중,2019-05-31,2019-06-09,9 days,9
17541,카드,D-20190601-0000129-00,2019-06-03 오후 6:10,2019-06-12 오전 4:42,98600,605.0,1,네이버 페이,2019-06-01,2019,6,Saturday,22,주말,2019-06-03,2019-06-12,9 days,9
17577,카드,D-20180102-0000131-01,2018-01-03 오후 6:17,2018-01-14 오전 1:52,96850,90.0,1,네이버 페이,2018-01-02,2018,1,Tuesday,1,주중,2018-01-03,2018-01-14,11 days,11
17581,카드,D-20180102-0000173-01,2018-01-03 오후 6:17,2018-01-13 오전 12:34,118850,94.0,1,네이버 페이,2018-01-02,2018,1,Tuesday,1,주중,2018-01-03,2018-01-13,10 days,10
17676,카드,D-20180105-0000199-01,2018-01-09 오후 2:06,2018-01-18 오전 1:37,73460,184.0,1,네이버 페이,2018-01-05,2018,1,Friday,1,주중,2018-01-09,2018-01-18,9 days,9
17683,무통장입금,D-20180106-0000061-01,2018-01-09 오후 2:08,2018-01-17 오전 3:30,58960,38.0,1,네이버 페이,2018-01-06,2018,1,Saturday,1,주말,2018-01-09,2018-01-17,8 days,8
17689,카드,D-20180107-0000018-01,2018-01-09 오후 2:04,2018-01-16 오후 12:24,53900,447.0,1,네이버 페이,2018-01-07,2018,1,Sunday,1,주말,2018-01-09,2018-01-16,7 days,7
17697,카드,D-20180107-0000071-01,2018-01-09 오후 2:04,2018-01-18 오전 4:34,18450,561.0,1,네이버 페이,2018-01-07,2018,1,Sunday,1,주말,2018-01-09,2018-01-18,9 days,9
17755,실시간계좌이체,D-20180109-0000146-01,2018-01-11 오후 7:06,2018-01-20 오전 1:52,73460,184.0,1,네이버 페이,2018-01-09,2018,1,Tuesday,2,주중,2018-01-11,2018-01-20,9 days,9
17895,카드,D-20180115-0000145-01,2018-01-15 오후 5:46,2018-01-25 오전 6:04,53900,447.0,1,네이버 페이,2018-01-15,2018,1,Monday,3,주중,2018-01-15,2018-01-25,10 days,10
17941,카드,D-20180116-0000349-01,2018-01-17 오후 7:00,2018-01-27 오전 1:58,82500,379.0,1,네이버 페이,2018-01-16,2018,1,Tuesday,3,주중,2018-01-17,2018-01-27,10 days,10
17968,카드,D-20180117-0000158-01,2018-01-18 오후 6:16,2018-01-27 오전 3:46,13500,177.0,1,네이버 페이,2018-01-17,2018,1,Wednesday,3,주중,2018-01-18,2018-01-27,9 days,9
17979,카드,D-20180118-0000142-01,2018-01-18 오후 6:16,2018-01-27 오전 6:09,147400,49.0,1,네이버 페이,2018-01-18,2018,1,Thursday,3,주중,2018-01-18,2018-01-27,9 days,9
17980,카드,D-20180118-0000142-02,2018-01-18 오후 6:16,2018-01-27 오전 6:09,215600,447.0,4,네이버 페이,2018-01-18,2018,1,Thursday,3,주중,2018-01-18,2018-01-27,9 days,9
17981,카드,D-20180118-0000142-03,2018-01-18 오후 6:16,2018-01-27 오전 6:09,237600,603.0,3,네이버 페이,2018-01-18,2018,1,Thursday,3,주중,2018-01-18,2018-01-27,9 days,9
18023,무통장입금,D-20180120-0000057-01,2018-01-22 오후 6:34,2018-02-01 오전 2:20,86240,478.0,1,네이버 페이,2018-01-20,2018,1,Saturday,3,주말,2018-01-22,2018-02-01,10 days,10
18039,카드,D-20180122-0000063-01,2018-01-22 오후 6:34,2018-01-31 오전 6:27,56980,47.0,1,네이버 페이,2018-01-22,2018,1,Monday,4,주중,2018-01-22,2018-01-31,9 days,9
18044,카드,D-20180122-0000146-01,2018-01-22 오후 6:34,2018-01-31 오전 6:34,96850,90.0,1,네이버 페이,2018-01-22,2018,1,Monday,4,주중,2018-01-22,2018-01-31,9 days,9
18047,카드,D-20180122-0000175-02,2018-01-22 오후 6:34,2018-01-31 오전 6:40,81620,479.0,1,네이버 페이,2018-01-22,2018,1,Monday,4,주중,2018-01-22,2018-01-31,9 days,9
18048,카드,D-20180122-0000175-02,2018-01-22 오후 6:34,2018-01-31 오전 6:40,83600,381.0,1,네이버 페이,2018-01-22,2018,1,Monday,4,주중,2018-01-22,2018-01-31,9 days,9
18113,카드,D-20180124-0000093-01,2018-01-25 오후 5:41,2018-02-14 오전 12:47,78650,481.0,1,네이버 페이,2018-01-24,2018,1,Wednesday,4,주중,2018-01-25,2018-02-14,20 days,20
18125,카드,D-20180125-0000019-01,2018-01-25 오후 5:46,2018-02-03 오전 5:02,21200,217.0,1,네이버 페이,2018-01-25,2018,1,Thursday,4,주중,2018-01-25,2018-02-03,9 days,9
18130,카드,D-20180125-0000065-01,2018-01-25 오후 5:46,2018-02-03 오전 5:38,104940,440.0,1,네이버 페이,2018-01-25,2018,1,Thursday,4,주중,2018-01-25,2018-02-03,9 days,9
18171,카드,D-20180127-0000059-01,2018-01-29 오후 5:59,2018-02-08 오전 2:22,53900,447.0,1,네이버 페이,2018-01-27,2018,1,Saturday,4,주말,2018-01-29,2018-02-08,10 days,10
18202,카드,D-20180129-0000092-01,2018-01-29 오후 5:59,2018-02-08 오전 5:24,82500,379.0,1,네이버 페이,2018-01-29,2018,1,Monday,5,주중,2018-01-29,2018-02-08,10 days,10
18218,카드,D-20180129-0000240-01,2018-01-30 오후 5:40,2018-02-07 오전 12:12,52800,446.0,1,네이버 페이,2018-01-29,2018,1,Monday,5,주중,2018-01-30,2018-02-07,8 days,8
18224,카드,D-20180129-0000316-01,2018-01-30 오후 5:40,2018-02-09 오전 2:14,118850,94.0,1,네이버 페이,2018-01-29,2018,1,Monday,5,주중,2018-01-30,2018-02-09,10 days,10
18268,카드,D-20180131-0000055-01,2018-01-31 오후 4:28,2018-02-09 오전 5:51,64900,42.0,1,네이버 페이,2018-01-31,2018,1,Wednesday,5,주중,2018-01-31,2018-02-09,9 days,9
18269,카드,D-20180131-0000055-02,2018-01-31 오후 4:28,2018-02-09 오전 5:51,53900,455.0,1,네이버 페이,2018-01-31,2018,1,Wednesday,5,주중,2018-01-31,2018-02-09,9 days,9
18308,카드,D-20180201-0000141-01,2018-02-01 오후 4:40,2018-02-11 오전 2:30,50600,447.0,1,네이버 페이,2018-02-01,2018,2,Thursday,5,주중,2018-02-01,2018-02-11,10 days,10
18318,카드,D-20180202-0000013-01,2018-02-02 오후 5:16,2018-02-11 오전 4:43,50600,447.0,1,네이버 페이,2018-02-02,2018,2,Friday,5,주중,2018-02-02,2018-02-11,9 days,9
18380,카드,D-20180205-0000209-01,2018-02-06 오후 5:36,2018-02-16 오전 2:12,96800,605.0,1,네이버 페이,2018-02-05,2018,2,Monday,6,주중,2018-02-06,2018-02-16,10 days,10
18383,카드,D-20180205-0000247-01,2018-02-06 오후 5:36,2018-02-16 오전 2:50,85800,505.0,2,네이버 페이,2018-02-05,2018,2,Monday,6,주중,2018-02-06,2018-02-16,10 days,10
18384,카드,D-20180205-0000262-01,2018-02-06 오후 5:36,2018-02-16 오전 2:50,67760,504.0,2,네이버 페이,2018-02-05,2018,2,Monday,6,주중,2018-02-06,2018-02-16,10 days,10
18400,카드,D-20180206-0000101-01,2018-02-06 오후 5:36,2018-02-15 오전 8:06,116600,94.0,1,네이버 페이,2018-02-06,2018,2,Tuesday,6,주중,2018-02-06,2018-02-15,9 days,9
18425,카드,D-20180206-0000281-01,2018-02-07 오후 5:19,2018-02-16 오전 4:46,108900,92.0,1,네이버 페이,2018-02-06,2018,2,Tuesday,6,주중,2018-02-07,2018-02-16,9 days,9
18454,카드,D-20180207-0000179-01,2018-02-07 오후 5:19,2018-02-17 오전 5:26,22660,560.0,1,네이버 페이,2018-02-07,2018,2,Wednesday,6,주중,2018-02-07,2018-02-17,10 days,10
18466,카드,D-20180207-0000236-01,2018-02-07 오후 5:19,2018-02-17 오전 3:22,92400,142.0,2,네이버 페이,2018-02-07,2018,2,Wednesday,6,주중,2018-02-07,2018-02-17,10 days,10
18467,카드,D-20180207-0000244-01,2018-02-07 오후 5:19,2018-02-19 오후 9:48,700000,603.0,10,네이버 페이,2018-02-07,2018,2,Wednesday,6,주중,2018-02-07,2018-02-19,12 days,12
18562,무통장입금,D-20180210-0000044-01,2018-02-12 오전 10:31,2018-02-21 오전 4:24,70000,603.0,1,네이버 페이,2018-02-10,2018,2,Saturday,6,주말,2018-02-12,2018-02-21,9 days,9
18592,무통장입금,D-20180212-0000084-01,2018-02-13 오후 3:04,2018-03-05 오전 12:52,41800,246.0,1,네이버 페이,2018-02-12,2018,2,Monday,7,주중,2018-02-13,2018-03-05,20 days,20
18621,카드,D-20180214-0000052-01,2018-02-19 오후 12:35,2018-02-28 오전 2:28,91300,156.0,1,네이버 페이,2018-02-14,2018,2,Wednesday,7,주중,2018-02-19,2018-02-28,9 days,9
18625,카드,D-20180215-0000013-01,2018-02-19 오후 5:13,2018-03-02 오전 1:34,32450,554.0,1,네이버 페이,2018-02-15,2018,2,Thursday,7,주중,2018-02-19,2018-03-02,11 days,11
18703,카드,D-20180221-0000013-01,2018-02-21 오후 6:06,2018-03-02 오후 12:22,103400,90.0,1,네이버 페이,2018-02-21,2018,2,Wednesday,8,주중,2018-02-21,2018-03-02,9 days,9
18798,카드,D-20180225-0000019-01,2018-02-26 오후 5:59,2018-03-07 오전 5:30,103400,90.0,1,네이버 페이,2018-02-25,2018,2,Sunday,8,주말,2018-02-26,2018-03-07,9 days,9
18800,카드,D-20180225-0000035-01,2018-02-26 오후 5:59,2018-03-08 오전 4:30,116600,94.0,1,네이버 페이,2018-02-25,2018,2,Sunday,8,주말,2018-02-26,2018-03-08,10 days,10
18805,무통장입금,D-20180226-0000021-01,2018-02-26 오후 5:59,2018-03-07 오전 7:24,56100,951.0,1,네이버 페이,2018-02-26,2018,2,Monday,9,주중,2018-02-26,2018-03-07,9 days,9
18866,카드,D-20180227-0000110-01,2018-02-28 오후 4:41,2018-03-12 오전 1:18,74800,380.0,1,네이버 페이,2018-02-27,2018,2,Tuesday,9,주중,2018-02-28,2018-03-12,12 days,12
18889,카드,D-20180301-0000068-01,2018-03-02 오후 8:02,2018-03-11 오전 4:45,108900,92.0,1,네이버 페이,2018-03-01,2018,3,Thursday,9,주중,2018-03-02,2018-03-11,9 days,9
18902,휴대폰,D-20180302-0000032-01,2018-03-02 오후 8:02,2018-03-12 오전 3:06,68200,44.0,1,네이버 페이,2018-03-02,2018,3,Friday,9,주중,2018-03-02,2018-03-12,10 days,10
18913,카드,D-20180302-0000107-01,2018-03-06 오전 8:26,2018-03-14 오전 3:42,116600,94.0,1,네이버 페이,2018-03-02,2018,3,Friday,9,주중,2018-03-06,2018-03-14,8 days,8
18950,카드,D-20180305-0000159-01,2018-03-06 오전 8:22,2018-03-14 오전 8:07,68200,378.0,1,네이버 페이,2018-03-05,2018,3,Monday,10,주중,2018-03-06,2018-03-14,8 days,8
18961,실시간계좌이체,D-20180305-0000225-01,2018-03-06 오전 8:22,2018-03-15 오전 7:52,71500,379.0,1,네이버 페이,2018-03-05,2018,3,Monday,10,주중,2018-03-06,2018-03-15,9 days,9
18962,실시간계좌이체,D-20180305-0000238-01,2018-03-06 오전 8:22,2018-03-15 오전 7:52,68200,378.0,1,네이버 페이,2018-03-05,2018,3,Monday,10,주중,2018-03-06,2018-03-15,9 days,9
18973,카드,D-20180306-0000033-01,2018-03-06 오후 6:09,2018-03-16 오전 4:08,110000,70.0,1,네이버 페이,2018-03-06,2018,3,Tuesday,10,주중,2018-03-06,2018-03-16,10 days,10
18995,카드,D-20180307-0000061-01,2018-03-07 오후 6:36,2018-03-16 오전 6:48,73700,483.0,1,네이버 페이,2018-03-07,2018,3,Wednesday,10,주중,2018-03-07,2018-03-16,9 days,9
18999,카드,D-20180307-0000081-01,2018-03-07 오후 6:36,2018-03-16 오전 7:01,70000,603.0,1,네이버 페이,2018-03-07,2018,3,Wednesday,10,주중,2018-03-07,2018-03-16,9 days,9
19045,실시간계좌이체,D-20180309-0000028-01,2018-03-09 오후 4:05,2018-03-19 오전 1:11,103400,90.0,1,네이버 페이,2018-03-09,2018,3,Friday,10,주중,2018-03-09,2018-03-19,10 days,10
19059,카드,D-20180311-0000033-01,2018-03-12 오후 5:58,2018-03-20 오후 3:16,140000,603.0,2,네이버 페이,2018-03-11,2018,3,Sunday,10,주말,2018-03-12,2018-03-20,8 days,8
19088,카드,D-20180312-0000219-01,2018-03-12 오후 6:00,2018-03-22 오전 6:29,80000,451.0,1,네이버 페이,2018-03-12,2018,3,Monday,11,주중,2018-03-12,2018-03-22,10 days,10
19089,카드,D-20180312-0000219-02,2018-03-12 오후 6:00,2018-03-23 오전 2:13,50000,388.0,1,네이버 페이,2018-03-12,2018,3,Monday,11,주중,2018-03-12,2018-03-23,11 days,11
19212,카드,D-20180315-0000031-01,2018-03-15 오후 5:20,2018-03-25 오전 2:54,53000,455.0,1,네이버 페이,2018-03-15,2018,3,Thursday,11,주중,2018-03-15,2018-03-25,10 days,10
19213,카드,D-20180315-0000056-01,2018-03-15 오후 5:20,2018-03-27 오전 1:23,22000,205.0,1,네이버 페이,2018-03-15,2018,3,Thursday,11,주중,2018-03-15,2018-03-27,12 days,12
19226,카드,D-20180315-0000141-01,2018-03-15 오후 5:20,2018-03-24 오전 6:51,25410,559.0,1,네이버 페이,2018-03-15,2018,3,Thursday,11,주중,2018-03-15,2018-03-24,9 days,9
19247,카드,D-20180315-0000256-01,2018-03-16 오후 6:26,2018-03-25 오전 4:57,77000,176.0,1,네이버 페이,2018-03-15,2018,3,Thursday,11,주중,2018-03-16,2018-03-25,9 days,9
19303,카드,D-20180319-0000017-01,2018-03-19 오후 5:36,2018-03-29 오전 5:59,52000,392.0,1,네이버 페이,2018-03-19,2018,3,Monday,12,주중,2018-03-19,2018-03-29,10 days,10
19316,카드,D-20180319-0000105-01,2018-03-19 오후 2:08,2018-03-29 오후 9:38,66000,437.0,1,네이버 페이,2018-03-19,2018,3,Monday,12,주중,2018-03-19,2018-03-29,10 days,10
19336,실시간계좌이체,D-20180320-0000062-01,2018-03-20 오후 5:21,2018-03-30 오전 3:56,51500,447.0,1,네이버 페이,2018-03-20,2018,3,Tuesday,12,주중,2018-03-20,2018-03-30,10 days,10
19365,카드,D-20180320-0000225-01,2018-03-21 오후 4:30,2018-03-30 오전 5:47,64000,42.0,1,네이버 페이,2018-03-20,2018,3,Tuesday,12,주중,2018-03-21,2018-03-30,9 days,9
19392,카드,D-20180321-0000156-01,2018-03-22 오후 4:48,2018-04-01 오전 2:23,13500,177.0,1,네이버 페이,2018-03-21,2018,3,Wednesday,12,주중,2018-03-22,2018-04-01,10 days,10
19409,무통장입금,D-20180321-0000317-01,2018-03-22 오후 2:09,2018-04-01 오전 2:41,166000,381.0,2,네이버 페이,2018-03-21,2018,3,Wednesday,12,주중,2018-03-22,2018-04-01,10 days,10
19419,카드,D-20180322-0000065-01,2018-03-22 오후 4:48,2018-03-31 오전 6:38,108900,92.0,1,네이버 페이,2018-03-22,2018,3,Thursday,12,주중,2018-03-22,2018-03-31,9 days,9
19446,카드,D-20180322-0000252-01,2018-03-23 오후 4:48,2018-04-01 오전 3:53,108900,92.0,1,네이버 페이,2018-03-22,2018,3,Thursday,12,주중,2018-03-23,2018-04-01,9 days,9
19454,카드,D-20180323-0000076-01,2018-03-23 오후 4:48,2018-04-01 오전 6:09,103400,90.0,1,네이버 페이,2018-03-23,2018,3,Friday,12,주중,2018-03-23,2018-04-01,9 days,9
19478,무통장입금,D-20180323-0000209-01,2018-03-26 오후 6:00,2018-04-05 오전 1:59,53000,455.0,1,네이버 페이,2018-03-23,2018,3,Friday,12,주중,2018-03-26,2018-04-05,10 days,10
19490,카드,D-20180324-0000074-01,2018-03-26 오후 6:00,2018-04-04 오전 6:56,71500,379.0,1,네이버 페이,2018-03-24,2018,3,Saturday,12,주말,2018-03-26,2018-04-04,9 days,9
19491,카드,D-20180324-0000074-02,2018-03-26 오후 6:00,2018-04-04 오전 6:56,71500,378.0,1,네이버 페이,2018-03-24,2018,3,Saturday,12,주말,2018-03-26,2018-04-04,9 days,9
19522,카드,D-20180326-0000063-01,2018-03-26 오후 6:00,2018-04-05 오전 6:21,22000,205.0,1,네이버 페이,2018-03-26,2018,3,Monday,13,주중,2018-03-26,2018-04-05,10 days,10
19523,카드,D-20180326-0000075-01,2018-03-26 오후 6:00,2018-04-04 오전 6:48,108900,92.0,1,네이버 페이,2018-03-26,2018,3,Monday,13,주중,2018-03-26,2018-04-04,9 days,9
19525,실시간계좌이체,D-20180326-0000093-01,2018-03-26 오후 6:00,2018-04-04 오전 6:52,92560,48.0,1,네이버 페이,2018-03-26,2018,3,Monday,13,주중,2018-03-26,2018-04-04,9 days,9
19558,카드,D-20180327-0000108-01,2018-03-27 오후 5:42,2018-04-05 오전 9:06,140000,603.0,2,네이버 페이,2018-03-27,2018,3,Tuesday,13,주중,2018-03-27,2018-04-05,9 days,9
19561,카드,D-20180327-0000129-01,2018-03-28 오후 5:26,2018-04-06 오전 4:02,58300,158.0,1,네이버 페이,2018-03-27,2018,3,Tuesday,13,주중,2018-03-28,2018-04-06,9 days,9
19582,실시간계좌이체,D-20180327-0000243-01,2018-03-27 오후 5:42,2018-04-05 오전 9:36,51500,445.0,1,네이버 페이,2018-03-27,2018,3,Tuesday,13,주중,2018-03-27,2018-04-05,9 days,9
19603,카드,D-20180328-0000066-01,2018-03-28 오후 5:43,2018-04-07 오전 3:53,44000,219.0,2,네이버 페이,2018-03-28,2018,3,Wednesday,13,주중,2018-03-28,2018-04-07,10 days,10
19633,카드,D-20180328-0000276-01,2018-03-29 오후 5:20,2018-04-08 오전 2:38,160000,450.0,2,네이버 페이,2018-03-28,2018,3,Wednesday,13,주중,2018-03-29,2018-04-08,10 days,10
19647,카드,D-20180329-0000119-01,2018-03-29 오후 5:20,2018-04-08 오전 3:19,22000,205.0,1,네이버 페이,2018-03-29,2018,3,Thursday,13,주중,2018-03-29,2018-04-08,10 days,10
19648,카드,D-20180329-0000121-01,2018-03-29 오후 5:20,2018-04-08 오전 3:19,93500,397.0,1,네이버 페이,2018-03-29,2018,3,Thursday,13,주중,2018-03-29,2018-04-08,10 days,10
19665,카드,D-20180329-0000232-01,2018-03-29 오후 5:20,2018-04-07 오전 7:16,70000,603.0,1,네이버 페이,2018-03-29,2018,3,Thursday,13,주중,2018-03-29,2018-04-07,9 days,9
19671,카드,D-20180330-0000013-01,2018-03-30 오후 6:13,2018-04-11 오전 2:07,120000,94.0,1,네이버 페이,2018-03-30,2018,3,Friday,13,주중,2018-03-30,2018-04-11,12 days,12
19694,카드,D-20180330-0000142-01,2018-03-31 오후 4:36,2018-04-09 오후 7:26,64000,42.0,1,네이버 페이,2018-03-30,2018,3,Friday,13,주중,2018-03-31,2018-04-09,9 days,9
19696,카드,D-20180331-0000012-01,2018-03-31 오후 4:36,2018-04-12 오전 10:02,93500,397.0,1,네이버 페이,2018-03-31,2018,3,Saturday,13,주말,2018-03-31,2018-04-12,12 days,12
19735,카드,D-20180401-0000045-01,2018-04-02 오후 7:02,2018-04-12 오전 5:10,68200,378.0,1,네이버 페이,2018-04-01,2018,4,Sunday,13,주말,2018-04-02,2018-04-12,10 days,10
19736,카드,D-20180401-0000058-01,2018-04-02 오후 7:02,2018-04-12 오전 5:10,120000,94.0,1,네이버 페이,2018-04-01,2018,4,Sunday,13,주말,2018-04-02,2018-04-12,10 days,10
19737,카드,D-20180401-0000061-01,2018-04-02 오후 7:02,2018-04-11 오전 6:34,108900,96.0,1,네이버 페이,2018-04-01,2018,4,Sunday,13,주말,2018-04-02,2018-04-11,9 days,9
19739,카드,D-20180401-0000089-01,2018-04-02 오후 7:02,2018-04-12 오전 5:20,94600,608.0,1,네이버 페이,2018-04-01,2018,4,Sunday,13,주말,2018-04-02,2018-04-12,10 days,10
19796,카드,D-20180402-0000284-01,2018-04-03 오후 6:01,2018-04-13 오전 2:28,93500,397.0,1,네이버 페이,2018-04-02,2018,4,Monday,14,주중,2018-04-03,2018-04-13,10 days,10
19812,실시간계좌이체,D-20180403-0000071-01,2018-04-03 오후 6:01,2018-04-13 오전 3:53,80000,449.0,1,네이버 페이,2018-04-03,2018,4,Tuesday,14,주중,2018-04-03,2018-04-13,10 days,10
19826,카드,D-20180403-0000148-01,2018-04-03 오후 6:01,2018-04-13 오전 4:37,22000,219.0,1,네이버 페이,2018-04-03,2018,4,Tuesday,14,주중,2018-04-03,2018-04-13,10 days,10
19827,카드,D-20180403-0000148-02,2018-04-03 오후 6:01,2018-04-12 오전 10:24,52000,391.0,1,네이버 페이,2018-04-03,2018,4,Tuesday,14,주중,2018-04-03,2018-04-12,9 days,9
19849,카드,D-20180403-0000270-01,2018-04-04 오후 7:06,2018-04-13 오전 5:53,140000,603.0,2,네이버 페이,2018-04-03,2018,4,Tuesday,14,주중,2018-04-04,2018-04-13,9 days,9
19870,카드,D-20180404-0000151-01,2018-04-04 오후 7:06,2018-04-12 오후 2:14,140000,603.0,2,네이버 페이,2018-04-04,2018,4,Wednesday,14,주중,2018-04-04,2018-04-12,8 days,8
19871,카드,D-20180404-0000160-01,2018-04-04 오후 7:06,2018-04-12 오후 2:14,50800,142.0,1,네이버 페이,2018-04-04,2018,4,Wednesday,14,주중,2018-04-04,2018-04-12,8 days,8
19875,카드,D-20180404-0000196-01,2018-04-04 오후 7:06,2018-04-13 오전 6:41,22000,205.0,1,네이버 페이,2018-04-04,2018,4,Wednesday,14,주중,2018-04-04,2018-04-13,9 days,9
19938,카드,D-20180405-0000135-01,2018-04-05 오후 6:08,2018-04-14 오전 6:40,120000,94.0,1,네이버 페이,2018-04-05,2018,4,Thursday,14,주중,2018-04-05,2018-04-14,9 days,9
20011,카드,D-20180406-0000255-02,2018-04-09 오후 6:01,2018-04-16 오전 9:52,102500,110.0,1,네이버 페이,2018-04-06,2018,4,Friday,14,주중,2018-04-09,2018-04-16,7 days,7
20012,카드,D-20180406-0000255-02,2018-04-09 오후 6:01,2018-04-16 오전 9:52,67000,964.0,1,네이버 페이,2018-04-06,2018,4,Friday,14,주중,2018-04-09,2018-04-16,7 days,7
20013,카드,D-20180406-0000255-03,2018-04-09 오후 6:01,2018-04-16 오전 9:52,44500,248.0,1,네이버 페이,2018-04-06,2018,4,Friday,14,주중,2018-04-09,2018-04-16,7 days,7
20032,카드,D-20180408-0000105-01,2018-04-10 오후 9:16,2018-04-20 오전 2:08,105000,1036.0,1,네이버 페이,2018-04-08,2018,4,Sunday,14,주말,2018-04-10,2018-04-20,10 days,10
20033,카드,D-20180408-0000105-02,2018-04-10 오후 9:16,2018-04-20 오전 2:08,127000,1037.0,1,네이버 페이,2018-04-08,2018,4,Sunday,14,주말,2018-04-10,2018-04-20,10 days,10
20034,카드,D-20180409-0000018-01,2018-04-09 오후 6:01,2018-04-17 오전 8:54,120000,94.0,1,네이버 페이,2018-04-09,2018,4,Monday,15,주중,2018-04-09,2018-04-17,8 days,8
20058,무통장입금,D-20180409-0000177-01,2018-04-09 오후 6:01,2018-04-19 오전 6:24,41500,246.0,1,네이버 페이,2018-04-09,2018,4,Monday,15,주중,2018-04-09,2018-04-19,10 days,10
20131,실시간계좌이체,D-20180410-0000370-01,2018-04-11 오후 5:32,2018-04-20 오전 6:56,103400,90.0,1,네이버 페이,2018-04-10,2018,4,Tuesday,15,주중,2018-04-11,2018-04-20,9 days,9
20158,카드,D-20180411-0000112-01,2018-04-11 오후 5:32,2018-04-20 오전 8:13,71500,379.0,1,네이버 페이,2018-04-11,2018,4,Wednesday,15,주중,2018-04-11,2018-04-20,9 days,9
20188,카드,D-20180411-0000266-02,2018-04-13 오전 8:44,2018-04-21 오전 4:10,165000,442.0,1,네이버 페이,2018-04-11,2018,4,Wednesday,15,주중,2018-04-13,2018-04-21,8 days,8
20189,카드,D-20180411-0000266-03,2018-04-13 오전 8:44,2018-04-21 오전 4:10,103400,90.0,1,네이버 페이,2018-04-11,2018,4,Wednesday,15,주중,2018-04-13,2018-04-21,8 days,8
20190,카드,D-20180411-0000266-03,2018-04-13 오전 8:44,2018-04-21 오전 4:10,108900,92.0,1,네이버 페이,2018-04-11,2018,4,Wednesday,15,주중,2018-04-13,2018-04-21,8 days,8
20212,카드,D-20180412-0000034-01,2018-04-13 오전 8:44,2018-04-21 오전 6:39,62000,395.0,1,네이버 페이,2018-04-12,2018,4,Thursday,15,주중,2018-04-13,2018-04-21,8 days,8
20252,카드,D-20180412-0000423-01,2018-04-12 오후 7:20,2018-04-19 오전 11:48,44000,219.0,2,네이버 페이,2018-04-12,2018,4,Thursday,15,주중,2018-04-12,2018-04-19,7 days,7
20282,카드,D-20180413-0000067-01,2018-04-13 오후 5:32,2018-04-22 오전 6:46,22000,205.0,1,네이버 페이,2018-04-13,2018,4,Friday,15,주중,2018-04-13,2018-04-22,9 days,9
20283,카드,D-20180413-0000072-01,2018-04-13 오후 5:32,2018-04-22 오전 6:46,93500,397.0,1,네이버 페이,2018-04-13,2018,4,Friday,15,주중,2018-04-13,2018-04-22,9 days,9
20318,카드,D-20180413-0000234-01,2018-04-16 오후 5:31,2018-04-26 오전 1:56,73700,481.0,1,네이버 페이,2018-04-13,2018,4,Friday,15,주중,2018-04-16,2018-04-26,10 days,10
20323,카드,D-20180413-0000288-01,2018-04-16 오후 5:31,2018-04-26 오전 2:16,51500,446.0,1,네이버 페이,2018-04-13,2018,4,Friday,15,주중,2018-04-16,2018-04-26,10 days,10
20391,카드,D-20180416-0000198-01,2018-04-17 오후 6:20,2018-04-26 오전 6:40,99200,48.0,1,네이버 페이,2018-04-16,2018,4,Monday,16,주중,2018-04-17,2018-04-26,9 days,9
20403,카드,D-20180416-0000298-01,2018-04-17 오후 6:20,2018-04-27 오전 2:17,68200,378.0,1,네이버 페이,2018-04-16,2018,4,Monday,16,주중,2018-04-17,2018-04-27,10 days,10
20427,카드,D-20180417-0000011-01,2018-04-17 오후 6:20,2018-04-26 오후 6:44,22000,217.0,1,네이버 페이,2018-04-17,2018,4,Tuesday,16,주중,2018-04-17,2018-04-26,9 days,9
20487,카드,D-20180418-0000053-01,2018-04-18 오후 7:24,2018-04-27 오전 6:48,108900,92.0,1,네이버 페이,2018-04-18,2018,4,Wednesday,16,주중,2018-04-18,2018-04-27,9 days,9
20501,카드,D-20180418-0000167-01,2018-04-18 오후 7:24,2018-04-28 오전 3:41,108900,92.0,1,네이버 페이,2018-04-18,2018,4,Wednesday,16,주중,2018-04-18,2018-04-28,10 days,10
20585,무통장입금,D-20180418-0000482-01,2018-04-19 오후 9:38,2018-04-29 오전 1:37,50000,388.0,1,네이버 페이,2018-04-18,2018,4,Wednesday,16,주중,2018-04-19,2018-04-29,10 days,10
20586,무통장입금,D-20180418-0000482-02,2018-04-19 오후 9:38,2018-04-29 오전 1:37,22000,219.0,1,네이버 페이,2018-04-18,2018,4,Wednesday,16,주중,2018-04-19,2018-04-29,10 days,10
20634,카드,D-20180419-0000257-01,2018-04-20 오후 6:04,2018-05-02 오전 1:29,55500,447.0,1,네이버 페이,2018-04-19,2018,4,Thursday,16,주중,2018-04-20,2018-05-02,12 days,12
20649,카드,D-20180419-0000321-01,2018-04-20 오후 6:04,2018-04-30 오전 1:03,22000,205.0,1,네이버 페이,2018-04-19,2018,4,Thursday,16,주중,2018-04-20,2018-04-30,10 days,10
20676,카드,D-20180420-0000112-01,2018-04-20 오후 6:04,2018-04-29 오전 5:46,210000,603.0,3,네이버 페이,2018-04-20,2018,4,Friday,16,주중,2018-04-20,2018-04-29,9 days,9
20691,카드,D-20180420-0000237-01,2018-04-23 오후 6:42,2018-05-02 오전 2:30,90700,50.0,1,네이버 페이,2018-04-20,2018,4,Friday,16,주중,2018-04-23,2018-05-02,9 days,9
20704,카드,D-20180421-0000046-01,2018-04-23 오후 6:42,2018-05-03 오전 3:32,72600,608.0,1,네이버 페이,2018-04-21,2018,4,Saturday,16,주말,2018-04-23,2018-05-03,10 days,10
20717,카드,D-20180422-0000011-01,2018-04-23 오후 6:42,2018-05-02 오전 5:01,170800,450.0,2,네이버 페이,2018-04-22,2018,4,Sunday,16,주말,2018-04-23,2018-05-02,9 days,9
20728,카드,D-20180423-0000049-02,2018-04-23 오후 6:42,2018-06-09 오전 12:48,36000,499.0,1,네이버 페이,2018-04-23,2018,4,Monday,17,주중,2018-04-23,2018-06-09,47 days,47
20729,카드,D-20180423-0000049-03,2018-04-23 오후 6:42,2018-06-09 오전 12:48,12500,525.0,1,네이버 페이,2018-04-23,2018,4,Monday,17,주중,2018-04-23,2018-06-09,47 days,47
20767,카드,D-20180423-0000256-01,2018-04-23 오후 6:42,2018-05-03 오전 7:18,210800,1036.0,2,네이버 페이,2018-04-23,2018,4,Monday,17,주중,2018-04-23,2018-05-03,10 days,10
20826,카드,D-20180424-0000167-01,2018-04-25 오후 5:20,2018-05-03 오전 10:03,60000,950.0,1,네이버 페이,2018-04-24,2018,4,Tuesday,17,주중,2018-04-25,2018-05-03,8 days,8
20831,카드,D-20180424-0000193-01,2018-04-25 오후 5:52,2018-05-05 오전 2:04,33000,490.0,1,네이버 페이,2018-04-24,2018,4,Tuesday,17,주중,2018-04-25,2018-05-05,10 days,10
20832,카드,D-20180424-0000219-01,2018-04-25 오후 5:52,2018-05-05 오전 2:04,55500,447.0,1,네이버 페이,2018-04-24,2018,4,Tuesday,17,주중,2018-04-25,2018-05-05,10 days,10
20865,카드,D-20180425-0000166-01,2018-04-25 오후 5:52,2018-05-02 오후 11:02,140000,603.0,2,네이버 페이,2018-04-25,2018,4,Wednesday,17,주중,2018-04-25,2018-05-02,7 days,7
20899,카드,D-20180425-0000364-01,2018-04-26 오후 6:12,2018-05-06 오전 2:14,22000,205.0,1,네이버 페이,2018-04-25,2018,4,Wednesday,17,주중,2018-04-26,2018-05-06,10 days,10
20944,카드,D-20180426-0000260-01,2018-04-27 오후 7:08,2018-05-06 오전 2:54,22000,205.0,1,네이버 페이,2018-04-26,2018,4,Thursday,17,주중,2018-04-27,2018-05-06,9 days,9
20960,카드,D-20180426-0000346-01,2018-04-27 오후 7:08,2018-05-17 오전 12:53,102500,110.0,1,네이버 페이,2018-04-26,2018,4,Thursday,17,주중,2018-04-27,2018-05-17,20 days,20
20982,카드,D-20180427-0000103-01,2018-04-27 오후 7:08,2018-05-08 오전 1:48,93500,397.0,1,네이버 페이,2018-04-27,2018,4,Friday,17,주중,2018-04-27,2018-05-08,11 days,11
21003,카드,D-20180427-0000212-01,2018-05-01 오전 8:08,2018-05-10 오전 2:22,22000,205.0,1,네이버 페이,2018-04-27,2018,4,Friday,17,주중,2018-05-01,2018-05-10,9 days,9
21004,카드,D-20180427-0000212-02,2018-05-01 오전 8:08,2018-05-09 오전 2:40,24000,207.0,1,네이버 페이,2018-04-27,2018,4,Friday,17,주중,2018-05-01,2018-05-09,8 days,8
21028,카드,D-20180428-0000050-01,2018-05-01 오전 8:08,2018-05-09 오전 4:36,62000,395.0,1,네이버 페이,2018-04-28,2018,4,Saturday,17,주말,2018-05-01,2018-05-09,8 days,8
21061,무통장입금,D-20180430-0000114-01,2018-05-01 오전 8:08,2018-05-09 오전 8:27,108900,40.0,1,네이버 페이,2018-04-30,2018,4,Monday,18,주중,2018-05-01,2018-05-09,8 days,8
21071,카드,D-20180430-0000169-01,2018-05-01 오전 8:08,2018-05-10 오전 6:33,70000,603.0,1,네이버 페이,2018-04-30,2018,4,Monday,18,주중,2018-05-01,2018-05-10,9 days,9
21084,카드,D-20180430-0000216-01,2018-05-01 오전 8:08,2018-05-09 오전 8:48,22000,205.0,1,네이버 페이,2018-04-30,2018,4,Monday,18,주중,2018-05-01,2018-05-09,8 days,8
21104,카드,D-20180430-0000380-01,2018-05-01 오후 5:48,2018-05-10 오전 7:30,24000,207.0,1,네이버 페이,2018-04-30,2018,4,Monday,18,주중,2018-05-01,2018-05-10,9 days,9
21139,카드,D-20180501-0000045-01,2018-05-01 오후 5:48,2018-05-11 오전 3:27,93500,88.0,1,네이버 페이,2018-05-01,2018,5,Tuesday,18,주중,2018-05-01,2018-05-11,10 days,10
21141,카드,D-20180501-0000063-01,2018-05-01 오후 5:48,2018-05-11 오전 3:39,115500,72.0,1,네이버 페이,2018-05-01,2018,5,Tuesday,18,주중,2018-05-01,2018-05-11,10 days,10
21142,카드,D-20180501-0000075-01,2018-05-01 오후 5:48,2018-05-11 오전 3:39,110000,70.0,1,네이버 페이,2018-05-01,2018,5,Tuesday,18,주중,2018-05-01,2018-05-11,10 days,10
21143,카드,D-20180501-0000088-01,2018-05-01 오후 5:48,2018-05-11 오전 3:39,93000,440.0,1,네이버 페이,2018-05-01,2018,5,Tuesday,18,주중,2018-05-01,2018-05-11,10 days,10
21167,카드,D-20180501-0000307-01,2018-05-02 오후 5:21,2018-05-12 오전 3:21,93500,397.0,1,네이버 페이,2018-05-01,2018,5,Tuesday,18,주중,2018-05-02,2018-05-12,10 days,10
21214,카드,D-20180502-0000192-01,2018-05-02 오후 5:21,2018-05-12 오전 5:18,68200,378.0,1,네이버 페이,2018-05-02,2018,5,Wednesday,18,주중,2018-05-02,2018-05-12,10 days,10
21215,카드,D-20180502-0000208-01,2018-05-02 오후 5:21,2018-05-11 오전 7:11,71500,379.0,1,네이버 페이,2018-05-02,2018,5,Wednesday,18,주중,2018-05-02,2018-05-11,9 days,9
21306,카드,D-20180503-0000394-01,2018-05-05 오전 10:08,2018-05-16 오전 2:50,117300,72.0,1,네이버 페이,2018-05-03,2018,5,Thursday,18,주중,2018-05-05,2018-05-16,11 days,11
21321,카드,D-20180503-0000473-01,2018-05-05 오전 10:08,2018-05-17 오전 2:52,108000,1083.0,1,네이버 페이,2018-05-03,2018,5,Thursday,18,주중,2018-05-05,2018-05-17,12 days,12
21332,카드,D-20180504-0000012-01,2018-05-05 오전 10:08,2018-05-16 오전 1:22,32500,492.0,1,네이버 페이,2018-05-04,2018,5,Friday,18,주중,2018-05-05,2018-05-16,11 days,11
21333,카드,D-20180504-0000024-01,2018-05-08 오전 9:58,2018-05-23 오후 10:04,33000,489.0,1,네이버 페이,2018-05-04,2018,5,Friday,18,주중,2018-05-08,2018-05-23,15 days,15
21365,카드,D-20180504-0000190-02,2018-05-09 오전 8:20,2018-05-16 오후 8:58,371820,455.0,6,네이버 페이,2018-05-04,2018,5,Friday,18,주중,2018-05-09,2018-05-16,7 days,7
21370,실시간계좌이체,D-20180504-0000239-01,2018-05-09 오전 8:20,2018-05-18 오전 2:19,60540,172.0,1,네이버 페이,2018-05-04,2018,5,Friday,18,주중,2018-05-09,2018-05-18,9 days,9
21403,무통장입금,D-20180507-0000115-01,2018-05-08 오후 8:12,2018-05-18 오전 5:57,61970,455.0,1,네이버 페이,2018-05-07,2018,5,Monday,19,주중,2018-05-08,2018-05-18,10 days,10
21411,카드,D-20180507-0000172-01,2018-05-08 오후 8:12,2018-05-18 오전 6:35,15000,512.0,1,네이버 페이,2018-05-07,2018,5,Monday,19,주중,2018-05-08,2018-05-18,10 days,10
21415,카드,D-20180508-0000022-01,2018-05-08 오후 8:12,2018-05-18 오전 7:31,32930,205.0,1,네이버 페이,2018-05-08,2018,5,Tuesday,19,주중,2018-05-08,2018-05-18,10 days,10
21416,카드,D-20180508-0000030-01,2018-05-08 오후 8:12,2018-05-18 오전 7:35,61970,455.0,1,네이버 페이,2018-05-08,2018,5,Tuesday,19,주중,2018-05-08,2018-05-18,10 days,10
21417,카드,D-20180508-0000030-02,2018-05-08 오후 8:12,2018-05-17 오전 8:36,45910,1072.0,1,네이버 페이,2018-05-08,2018,5,Tuesday,19,주중,2018-05-08,2018-05-17,9 days,9
21418,카드,D-20180508-0000030-03,2018-05-08 오후 8:12,2018-05-18 오전 7:35,71490,1070.0,1,네이버 페이,2018-05-08,2018,5,Tuesday,19,주중,2018-05-08,2018-05-18,10 days,10
21448,카드,D-20180508-0000194-01,2018-05-08 오후 8:12,2018-05-18 오전 8:11,122200,94.0,1,네이버 페이,2018-05-08,2018,5,Tuesday,19,주중,2018-05-08,2018-05-18,10 days,10
21496,실시간계좌이체,D-20180508-0000421-01,2018-05-09 오후 1:20,2018-05-19 오전 3:12,99920,941.0,1,네이버 페이,2018-05-08,2018,5,Tuesday,19,주중,2018-05-09,2018-05-19,10 days,10
21546,무통장입금,D-20180509-0000164-01,2018-05-10 오전 8:26,2018-05-18 오전 11:21,60540,445.0,1,네이버 페이,2018-05-09,2018,5,Wednesday,19,주중,2018-05-10,2018-05-18,8 days,8
21577,카드,D-20180509-0000341-01,2018-05-10 오전 8:26,2018-05-18 오전 11:37,92520,215.0,3,네이버 페이,2018-05-09,2018,5,Wednesday,19,주중,2018-05-10,2018-05-18,8 days,8
21578,카드,D-20180509-0000341-02,2018-05-10 오전 8:26,2018-05-18 오전 11:37,105900,392.0,2,네이버 페이,2018-05-09,2018,5,Wednesday,19,주중,2018-05-10,2018-05-18,8 days,8
21579,카드,D-20180509-0000341-03,2018-05-10 오전 8:26,2018-05-18 오전 11:37,109200,391.0,2,네이버 페이,2018-05-09,2018,5,Wednesday,19,주중,2018-05-10,2018-05-18,8 days,8
21591,카드,D-20180509-0000457-01,2018-05-10 오후 6:24,2018-05-20 오전 2:29,92380,1036.0,1,네이버 페이,2018-05-09,2018,5,Wednesday,19,주중,2018-05-10,2018-05-20,10 days,10
21592,카드,D-20180509-0000457-02,2018-05-10 오후 6:24,2018-05-20 오전 2:29,64000,1139.0,1,네이버 페이,2018-05-09,2018,5,Wednesday,19,주중,2018-05-10,2018-05-20,10 days,10
21645,카드,D-20180510-0000271-01,2018-05-11 오후 7:04,2018-05-21 오전 1:03,75390,961.0,1,네이버 페이,2018-05-10,2018,5,Thursday,19,주중,2018-05-11,2018-05-21,10 days,10
21647,실시간계좌이체,D-20180510-0000290-01,2018-05-11 오후 7:04,2018-05-20 오전 4:25,60540,172.0,1,네이버 페이,2018-05-10,2018,5,Thursday,19,주중,2018-05-11,2018-05-20,9 days,9
21669,카드,D-20180511-0000057-01,2018-05-11 오후 7:04,2018-05-20 오전 6:41,32930,205.0,1,네이버 페이,2018-05-11,2018,5,Friday,19,주중,2018-05-11,2018-05-20,9 days,9
21683,카드,D-20180511-0000177-01,2018-05-11 오후 7:04,2018-05-20 오전 6:55,33920,217.0,1,네이버 페이,2018-05-11,2018,5,Friday,19,주중,2018-05-11,2018-05-20,9 days,9
21698,실시간계좌이체,D-20180511-0000256-01,2018-05-11 오후 7:04,2018-05-20 오전 7:06,33920,217.0,1,네이버 페이,2018-05-11,2018,5,Friday,19,주중,2018-05-11,2018-05-20,9 days,9
21699,실시간계좌이체,D-20180511-0000256-02,2018-05-11 오후 7:04,2018-05-20 오전 7:06,54600,391.0,1,네이버 페이,2018-05-11,2018,5,Friday,19,주중,2018-05-11,2018-05-20,9 days,9
21715,카드,D-20180511-0000320-01,2018-05-11 오후 7:04,2018-05-18 오전 11:43,61970,455.0,1,네이버 페이,2018-05-11,2018,5,Friday,19,주중,2018-05-11,2018-05-18,7 days,7
21720,카드,D-20180511-0000354-01,2018-05-11 오후 7:04,2018-05-20 오전 7:09,137800,1085.0,2,네이버 페이,2018-05-11,2018,5,Friday,19,주중,2018-05-11,2018-05-20,9 days,9
21727,카드,D-20180511-0000398-01,2018-05-11 오후 7:04,2018-05-21 오전 1:20,61970,455.0,1,네이버 페이,2018-05-11,2018,5,Friday,19,주중,2018-05-11,2018-05-21,10 days,10
21767,실시간계좌이체,D-20180512-0000133-01,2018-05-18 오전 11:08,2018-05-26 오전 12:56,61970,455.0,1,네이버 페이,2018-05-12,2018,5,Saturday,19,주말,2018-05-18,2018-05-26,8 days,8
21768,실시간계좌이체,D-20180512-0000133-02,2018-05-18 오전 11:08,2018-05-26 오전 12:56,70000,1074.0,1,네이버 페이,2018-05-12,2018,5,Saturday,19,주말,2018-05-18,2018-05-26,8 days,8
21794,실시간계좌이체,D-20180513-0000051-01,2018-05-15 오후 2:58,2018-05-23 오전 5:48,33920,219.0,1,네이버 페이,2018-05-13,2018,5,Sunday,19,주말,2018-05-15,2018-05-23,8 days,8
21795,실시간계좌이체,D-20180513-0000051-02,2018-05-15 오후 2:58,2018-05-23 오전 5:48,60100,388.0,1,네이버 페이,2018-05-13,2018,5,Sunday,19,주말,2018-05-15,2018-05-23,8 days,8
21815,카드,D-20180514-0000054-01,2018-05-15 오후 2:58,2018-05-23 오전 7:01,60540,172.0,1,네이버 페이,2018-05-14,2018,5,Monday,20,주중,2018-05-15,2018-05-23,8 days,8
21911,카드,D-20180514-0000528-01,2018-05-15 오후 2:58,2018-05-23 오전 7:42,107700,207.0,3,네이버 페이,2018-05-14,2018,5,Monday,20,주중,2018-05-15,2018-05-23,8 days,8
21963,카드,D-20180514-0000771-01,2018-05-16 오전 8:26,2018-05-25 오전 2:57,92520,215.0,3,네이버 페이,2018-05-14,2018,5,Monday,20,주중,2018-05-16,2018-05-25,9 days,9
21975,카드,D-20180514-0000861-01,2018-05-16 오전 8:26,2018-05-24 오전 8:57,112510,595.0,1,네이버 페이,2018-05-14,2018,5,Monday,20,주중,2018-05-16,2018-05-24,8 days,8
21976,카드,D-20180514-0000861-02,2018-05-16 오전 8:26,2018-05-24 오전 8:57,86110,594.0,1,네이버 페이,2018-05-14,2018,5,Monday,20,주중,2018-05-16,2018-05-24,8 days,8
22025,무통장입금,D-20180515-0000328-01,2018-05-16 오전 8:26,2018-05-25 오전 4:48,77370,608.0,1,네이버 페이,2018-05-15,2018,5,Tuesday,20,주중,2018-05-16,2018-05-25,9 days,9
22026,무통장입금,D-20180515-0000328-02,2018-05-16 오전 8:26,2018-05-25 오전 4:48,73850,1077.0,1,네이버 페이,2018-05-15,2018,5,Tuesday,20,주중,2018-05-16,2018-05-25,9 days,9
22069,실시간계좌이체,D-20180516-0000017-01,2018-05-17 오후 1:30,2018-05-25 오전 7:11,103500,605.0,1,네이버 페이,2018-05-16,2018,5,Wednesday,20,주중,2018-05-17,2018-05-25,8 days,8
22086,카드,D-20180516-0000112-01,2018-05-17 오후 1:30,2018-05-25 오전 7:35,52950,392.0,1,네이버 페이,2018-05-16,2018,5,Wednesday,20,주중,2018-05-17,2018-05-25,8 days,8
22087,카드,D-20180516-0000112-02,2018-05-17 오후 1:30,2018-05-25 오전 7:35,33920,217.0,1,네이버 페이,2018-05-16,2018,5,Wednesday,20,주중,2018-05-17,2018-05-25,8 days,8
22090,카드,D-20180516-0000138-01,2018-05-17 오후 1:30,2018-05-25 오전 7:35,32930,205.0,1,네이버 페이,2018-05-16,2018,5,Wednesday,20,주중,2018-05-17,2018-05-25,8 days,8
22106,카드,D-20180516-0000223-01,2018-05-16 오후 1:52,2018-05-25 오전 7:47,30840,215.0,1,네이버 페이,2018-05-16,2018,5,Wednesday,20,주중,2018-05-16,2018-05-25,9 days,9
22161,카드,D-20180516-0000533-01,2018-05-18 오전 11:08,2018-05-26 오전 4:45,102500,1060.0,1,네이버 페이,2018-05-16,2018,5,Wednesday,20,주중,2018-05-18,2018-05-26,8 days,8
22166,카드,D-20180516-0000599-01,2018-05-18 오전 11:08,2018-05-26 오전 4:56,109600,68.0,1,네이버 페이,2018-05-16,2018,5,Wednesday,20,주중,2018-05-18,2018-05-26,8 days,8
22187,휴대폰,D-20180517-0000047-01,2018-05-18 오전 11:08,2018-05-26 오전 6:52,60540,172.0,1,네이버 페이,2018-05-17,2018,5,Thursday,20,주중,2018-05-18,2018-05-26,8 days,8
22411,카드,D-20180520-0000045-01,2018-05-23 오전 9:12,2018-05-31 오전 8:02,107900,92.0,1,네이버 페이,2018-05-20,2018,5,Sunday,20,주말,2018-05-23,2018-05-31,8 days,8
22457,카드,D-20180521-0000243-01,2018-05-23 오전 9:12,2018-06-01 오전 4:22,61970,455.0,1,네이버 페이,2018-05-21,2018,5,Monday,21,주중,2018-05-23,2018-06-01,9 days,9
22495,카드,D-20180522-0000027-01,2018-05-24 오전 9:28,2018-06-02 오전 4:33,75390,962.0,1,네이버 페이,2018-05-22,2018,5,Tuesday,21,주중,2018-05-24,2018-06-02,9 days,9
22687,카드,D-20180524-0000065-01,2018-05-25 오전 10:12,2018-06-02 오전 9:29,123360,215.0,4,네이버 페이,2018-05-24,2018,5,Thursday,21,주중,2018-05-25,2018-06-02,8 days,8
22779,카드,D-20180525-0000084-01,2018-05-25 오후 6:28,2018-06-03 오전 6:39,77370,608.0,1,네이버 페이,2018-05-25,2018,5,Friday,21,주중,2018-05-25,2018-06-03,9 days,9
22838,카드,D-20180525-0000438-01,2018-05-28 오후 6:40,2018-06-07 오전 2:03,79900,379.0,1,네이버 페이,2018-05-25,2018,5,Friday,21,주중,2018-05-28,2018-06-07,10 days,10
22839,카드,D-20180525-0000441-01,2018-05-28 오후 6:40,2018-06-07 오전 2:03,74400,378.0,1,네이버 페이,2018-05-25,2018,5,Friday,21,주중,2018-05-28,2018-06-07,10 days,10
22851,적립금,D-20180526-0000093-01,2018-05-28 오후 6:40,2018-06-06 오전 4:44,32930,205.0,1,네이버 페이,2018-05-26,2018,5,Saturday,21,주말,2018-05-28,2018-06-06,9 days,9
23046,카드,D-20180529-0000497-01,2018-05-30 오후 4:32,2018-06-08 오전 6:37,52950,392.0,1,네이버 페이,2018-05-29,2018,5,Tuesday,22,주중,2018-05-30,2018-06-08,9 days,9
23047,카드,D-20180529-0000497-02,2018-05-30 오후 4:32,2018-06-08 오전 6:37,33920,217.0,1,네이버 페이,2018-05-29,2018,5,Tuesday,22,주중,2018-05-30,2018-06-08,9 days,9
23111,카드,D-20180530-0000385-01,2018-06-01 오후 3:14,2018-06-09 오전 5:52,137800,1085.0,2,네이버 페이,2018-05-30,2018,5,Wednesday,22,주중,2018-06-01,2018-06-09,8 days,8
23141,카드,D-20180531-0000124-01,2018-06-01 오후 3:14,2018-06-09 오전 7:31,302700,447.0,5,네이버 페이,2018-05-31,2018,5,Thursday,22,주중,2018-06-01,2018-06-09,8 days,8
23142,카드,D-20180531-0000139-01,2018-06-01 오후 3:14,2018-06-09 오전 7:31,302700,447.0,5,네이버 페이,2018-05-31,2018,5,Thursday,22,주중,2018-06-01,2018-06-09,8 days,8
23188,카드,D-20180531-0000400-01,2018-06-01 오후 3:14,2018-06-09 오전 8:13,32930,205.0,1,네이버 페이,2018-05-31,2018,5,Thursday,22,주중,2018-06-01,2018-06-09,8 days,8
23204,카드,D-20180531-0000456-01,2018-06-01 오후 5:38,2018-06-11 오전 1:07,52950,392.0,1,네이버 페이,2018-05-31,2018,5,Thursday,22,주중,2018-06-01,2018-06-11,10 days,10
23278,카드,D-20180601-0000273-01,2018-06-05 오전 10:04,2018-06-14 오전 1:23,33920,217.0,1,네이버 페이,2018-06-01,2018,6,Friday,22,주중,2018-06-05,2018-06-14,9 days,9
23319,카드,D-20180603-0000111-01,2018-06-05 오전 10:04,2018-06-13 오전 6:37,107900,92.0,1,네이버 페이,2018-06-03,2018,6,Sunday,22,주말,2018-06-05,2018-06-13,8 days,8
23335,무통장입금,D-20180604-0000041-01,2018-06-05 오전 10:04,2018-06-13 오전 6:28,33920,217.0,1,네이버 페이,2018-06-04,2018,6,Monday,23,주중,2018-06-05,2018-06-13,8 days,8
23336,무통장입금,D-20180604-0000041-02,2018-06-05 오전 10:04,2018-06-13 오전 6:28,63950,393.0,1,네이버 페이,2018-06-04,2018,6,Monday,23,주중,2018-06-05,2018-06-13,8 days,8
23396,무통장입금,D-20180604-0000428-01,2018-06-05 오전 10:04,2018-06-13 오전 8:16,71930,39.0,1,네이버 페이,2018-06-04,2018,6,Monday,23,주중,2018-06-05,2018-06-13,8 days,8
23397,무통장입금,D-20180604-0000428-02,2018-06-05 오전 10:04,2018-06-13 오전 8:16,61700,47.0,1,네이버 페이,2018-06-04,2018,6,Monday,23,주중,2018-06-05,2018-06-13,8 days,8
23398,무통장입금,D-20180604-0000428-03,2018-06-05 오전 10:04,2018-06-13 오전 8:16,112900,70.0,1,네이버 페이,2018-06-04,2018,6,Monday,23,주중,2018-06-05,2018-06-13,8 days,8
23399,무통장입금,D-20180604-0000428-04,2018-06-05 오전 10:04,2018-06-13 오전 8:16,109600,68.0,1,네이버 페이,2018-06-04,2018,6,Monday,23,주중,2018-06-05,2018-06-13,8 days,8
23453,카드,D-20180605-0000134-01,2018-06-05 오후 5:44,2018-06-15 오전 6:51,33920,217.0,1,네이버 페이,2018-06-05,2018,6,Tuesday,23,주중,2018-06-05,2018-06-15,10 days,10
23454,카드,D-20180605-0000134-02,2018-06-05 오후 5:44,2018-06-15 오전 6:51,30840,215.0,1,네이버 페이,2018-06-05,2018,6,Tuesday,23,주중,2018-06-05,2018-06-15,10 days,10
23455,카드,D-20180605-0000134-03,2018-06-05 오후 5:44,2018-06-15 오전 6:51,140000,1074.0,2,네이버 페이,2018-06-05,2018,6,Tuesday,23,주중,2018-06-05,2018-06-15,10 days,10
23466,실시간계좌이체,D-20180605-0000202-01,2018-06-05 오후 5:44,2018-06-15 오전 6:56,78800,602.0,1,네이버 페이,2018-06-05,2018,6,Tuesday,23,주중,2018-06-05,2018-06-15,10 days,10
23490,카드,D-20180605-0000354-01,2018-06-08 오전 11:30,2018-06-16 오전 5:17,32930,205.0,1,네이버 페이,2018-06-05,2018,6,Tuesday,23,주중,2018-06-08,2018-06-16,8 days,8
23515,실시간계좌이체,D-20180606-0000024-01,2018-06-08 오전 11:34,2018-06-16 오전 6:29,96460,88.0,1,네이버 페이,2018-06-06,2018,6,Wednesday,23,주중,2018-06-08,2018-06-16,8 days,8
23518,카드,D-20180606-0000041-01,2018-06-08 오전 11:34,2018-06-16 오전 6:39,117300,72.0,1,네이버 페이,2018-06-06,2018,6,Wednesday,23,주중,2018-06-08,2018-06-16,8 days,8
23533,카드,D-20180606-0000121-01,2018-06-08 오전 11:34,2018-06-16 오전 7:28,63240,1091.0,1,네이버 페이,2018-06-06,2018,6,Wednesday,23,주중,2018-06-08,2018-06-16,8 days,8
23589,무통장입금,D-20180607-0000318-01,2018-06-08 오전 11:34,2018-06-16 오전 8:58,33920,217.0,1,네이버 페이,2018-06-07,2018,6,Thursday,23,주중,2018-06-08,2018-06-16,8 days,8
23590,무통장입금,D-20180607-0000318-02,2018-06-08 오전 11:34,2018-06-16 오전 8:58,52950,392.0,1,네이버 페이,2018-06-07,2018,6,Thursday,23,주중,2018-06-08,2018-06-16,8 days,8
23666,카드,D-20180607-0000702-01,2018-06-08 오후 6:02,2018-06-17 오전 8:32,85400,450.0,1,네이버 페이,2018-06-07,2018,6,Thursday,23,주중,2018-06-08,2018-06-17,9 days,9
23679,무통장입금,D-20180608-0000032-01,2018-06-08 오후 6:02,2018-06-17 오전 6:50,38100,559.0,1,네이버 페이,2018-06-08,2018,6,Friday,23,주중,2018-06-08,2018-06-17,9 days,9
23680,무통장입금,D-20180608-0000032-02,2018-06-08 오후 6:02,2018-06-17 오전 6:50,29190,632.0,1,네이버 페이,2018-06-08,2018,6,Friday,23,주중,2018-06-08,2018-06-17,9 days,9
23681,무통장입금,D-20180608-0000032-03,2018-06-08 오후 6:02,2018-06-17 오전 6:50,36670,635.0,1,네이버 페이,2018-06-08,2018,6,Friday,23,주중,2018-06-08,2018-06-17,9 days,9
23731,카드,D-20180608-0000331-01,2018-06-12 오전 9:04,2018-06-22 오전 1:21,32930,205.0,1,네이버 페이,2018-06-08,2018,6,Friday,23,주중,2018-06-12,2018-06-22,10 days,10
23748,카드,D-20180609-0000090-01,2018-06-12 오전 9:04,2018-06-21 오전 3:17,33920,217.0,1,네이버 페이,2018-06-09,2018,6,Saturday,23,주말,2018-06-12,2018-06-21,9 days,9
23749,카드,D-20180609-0000101-01,2018-06-12 오전 9:04,2018-06-20 오전 5:10,60540,447.0,1,네이버 페이,2018-06-09,2018,6,Saturday,23,주말,2018-06-12,2018-06-20,8 days,8
23776,무통장입금,D-20180610-0000119-01,2018-06-12 오전 9:04,2018-06-20 오전 6:12,138800,437.0,2,네이버 페이,2018-06-10,2018,6,Sunday,23,주말,2018-06-12,2018-06-20,8 days,8
23844,무통장입금,D-20180611-0000306-01,2018-06-12 오전 9:04,2018-06-20 오전 8:32,61970,455.0,1,네이버 페이,2018-06-11,2018,6,Monday,24,주중,2018-06-12,2018-06-20,8 days,8
23874,카드,D-20180611-0000444-01,2018-06-12 오후 6:14,2018-06-22 오전 2:31,63240,38.0,1,네이버 페이,2018-06-11,2018,6,Monday,24,주중,2018-06-12,2018-06-22,10 days,10
23880,휴대폰,D-20180611-0000476-01,2018-06-12 오후 6:14,2018-06-22 오전 2:53,71600,43.0,1,네이버 페이,2018-06-11,2018,6,Monday,24,주중,2018-06-12,2018-06-22,10 days,10
23902,카드,D-20180612-0000152-01,2018-06-12 오후 6:14,2018-06-21 오전 8:42,33920,217.0,1,네이버 페이,2018-06-12,2018,6,Tuesday,24,주중,2018-06-12,2018-06-21,9 days,9
23981,카드,D-20180613-0000099-01,2018-06-15 오전 10:02,2018-06-26 오전 1:17,32930,205.0,1,네이버 페이,2018-06-13,2018,6,Wednesday,24,주중,2018-06-15,2018-06-26,11 days,11
23994,카드,D-20180613-0000197-01,2018-06-15 오전 10:02,2018-06-23 오전 5:14,73850,1077.0,1,네이버 페이,2018-06-13,2018,6,Wednesday,24,주중,2018-06-15,2018-06-23,8 days,8
24046,카드,D-20180614-0000204-01,2018-06-15 오전 10:02,2018-06-23 오전 6:52,55480,248.0,1,네이버 페이,2018-06-14,2018,6,Thursday,24,주중,2018-06-15,2018-06-23,8 days,8
24130,카드,D-20180614-0000601-01,2018-06-15 오후 6:00,2018-06-24 오전 5:59,157600,603.0,2,네이버 페이,2018-06-14,2018,6,Thursday,24,주중,2018-06-15,2018-06-24,9 days,9
24158,카드,D-20180615-0000148-01,2018-06-15 오후 6:00,2018-06-24 오전 7:25,74400,378.0,1,네이버 페이,2018-06-15,2018,6,Friday,24,주중,2018-06-15,2018-06-24,9 days,9
24190,카드,D-20180615-0000308-01,2018-06-18 오후 5:36,2018-06-27 오전 3:03,137800,1085.0,2,네이버 페이,2018-06-15,2018,6,Friday,24,주중,2018-06-18,2018-06-27,9 days,9
24201,카드,D-20180616-0000074-01,2018-06-18 오후 5:36,2018-06-28 오전 3:14,122200,94.0,1,네이버 페이,2018-06-16,2018,6,Saturday,24,주말,2018-06-18,2018-06-28,10 days,10
24207,실시간계좌이체,D-20180617-0000035-01,2018-06-18 오후 5:36,2018-06-28 오전 4:05,60540,447.0,1,네이버 페이,2018-06-17,2018,6,Sunday,24,주말,2018-06-18,2018-06-28,10 days,10
24208,카드,D-20180617-0000043-01,2018-06-18 오후 5:36,2018-06-28 오전 6:14,32930,205.0,1,네이버 페이,2018-06-17,2018,6,Sunday,24,주말,2018-06-18,2018-06-28,10 days,10
24209,휴대폰,D-20180617-0000059-01,2018-06-18 오후 5:36,2018-06-29 오전 1:47,28200,561.0,1,네이버 페이,2018-06-17,2018,6,Sunday,24,주말,2018-06-18,2018-06-29,11 days,11
24214,카드,D-20180617-0000082-01,2018-06-18 오후 5:36,2018-06-27 오전 6:28,107900,92.0,1,네이버 페이,2018-06-17,2018,6,Sunday,24,주말,2018-06-18,2018-06-27,9 days,9
24242,카드,D-20180618-0000033-01,2018-06-18 오후 5:36,2018-06-28 오전 7:53,60540,447.0,1,네이버 페이,2018-06-18,2018,6,Monday,25,주중,2018-06-18,2018-06-28,10 days,10
24265,카드,D-20180618-0000182-01,2018-06-18 오후 5:36,2018-06-25 오전 9:24,78800,602.0,1,네이버 페이,2018-06-18,2018,6,Monday,25,주중,2018-06-18,2018-06-25,7 days,7
24357,휴대폰,D-20180618-0000626-01,2018-06-19 오후 7:22,2018-06-26 오후 1:56,85400,451.0,1,네이버 페이,2018-06-18,2018,6,Monday,25,주중,2018-06-19,2018-06-26,7 days,7
24365,카드,D-20180619-0000092-01,2018-06-19 오후 7:22,2018-06-29 오전 4:04,33920,219.0,1,네이버 페이,2018-06-19,2018,6,Tuesday,25,주중,2018-06-19,2018-06-29,10 days,10
24366,카드,D-20180619-0000092-02,2018-06-19 오후 7:22,2018-06-29 오전 4:04,60100,388.0,1,네이버 페이,2018-06-19,2018,6,Tuesday,25,주중,2018-06-19,2018-06-29,10 days,10
24379,카드,D-20180619-0000154-01,2018-06-19 오후 7:22,2018-06-29 오전 4:12,75390,959.0,1,네이버 페이,2018-06-19,2018,6,Tuesday,25,주중,2018-06-19,2018-06-29,10 days,10
24394,카드,D-20180619-0000249-01,2018-06-19 오후 7:22,2018-06-28 오전 9:19,60540,172.0,1,네이버 페이,2018-06-19,2018,6,Tuesday,25,주중,2018-06-19,2018-06-28,9 days,9
24397,카드,D-20180619-0000268-01,2018-06-19 오후 7:22,2018-06-29 오전 4:40,33920,217.0,1,네이버 페이,2018-06-19,2018,6,Tuesday,25,주중,2018-06-19,2018-06-29,10 days,10
24398,카드,D-20180619-0000268-02,2018-06-19 오후 7:22,2018-06-29 오전 4:40,30840,215.0,1,네이버 페이,2018-06-19,2018,6,Tuesday,25,주중,2018-06-19,2018-06-29,10 days,10
24399,카드,D-20180619-0000268-03,2018-06-19 오후 7:22,2018-06-29 오전 4:40,210000,1074.0,3,네이버 페이,2018-06-19,2018,6,Tuesday,25,주중,2018-06-19,2018-06-29,10 days,10
24440,카드,D-20180620-0000011-01,2018-06-20 오후 7:00,2018-06-30 오전 3:02,78800,603.0,1,네이버 페이,2018-06-20,2018,6,Wednesday,25,주중,2018-06-20,2018-06-30,10 days,10
24615,카드,D-20180622-0000020-01,2018-06-22 오후 6:34,2018-07-03 오전 1:49,121080,447.0,2,네이버 페이,2018-06-22,2018,6,Friday,25,주중,2018-06-22,2018-07-03,11 days,11
24621,카드,D-20180622-0000060-01,2018-06-22 오후 6:34,2018-07-01 오전 6:19,79900,379.0,1,네이버 페이,2018-06-22,2018,6,Friday,25,주중,2018-06-22,2018-07-01,9 days,9
24657,카드,D-20180622-0000231-01,2018-06-22 오후 6:34,2018-07-02 오전 1:13,36670,635.0,1,네이버 페이,2018-06-22,2018,6,Friday,25,주중,2018-06-22,2018-07-02,10 days,10
24658,카드,D-20180622-0000231-02,2018-06-22 오후 6:34,2018-07-02 오전 1:13,63950,393.0,1,네이버 페이,2018-06-22,2018,6,Friday,25,주중,2018-06-22,2018-07-02,10 days,10
24668,카드,D-20180622-0000295-01,2018-06-26 오전 9:36,2018-07-04 오전 2:59,32930,205.0,1,네이버 페이,2018-06-22,2018,6,Friday,25,주중,2018-06-26,2018-07-04,8 days,8
24669,무통장입금,D-20180622-0000305-01,2018-06-26 오전 9:36,2018-07-06 오전 1:12,45910,1072.0,1,네이버 페이,2018-06-22,2018,6,Friday,25,주중,2018-06-26,2018-07-06,10 days,10
24670,무통장입금,D-20180622-0000305-02,2018-06-26 오전 9:36,2018-07-06 오전 1:12,89800,478.0,1,네이버 페이,2018-06-22,2018,6,Friday,25,주중,2018-06-26,2018-07-06,10 days,10
24671,무통장입금,D-20180622-0000305-03,2018-06-26 오전 9:36,2018-07-04 오전 2:20,73910,1071.0,1,네이버 페이,2018-06-22,2018,6,Friday,25,주중,2018-06-26,2018-07-04,8 days,8
24672,무통장입금,D-20180622-0000305-04,2018-06-26 오전 9:36,2018-07-04 오전 2:20,77100,1124.0,1,네이버 페이,2018-06-22,2018,6,Friday,25,주중,2018-06-26,2018-07-04,8 days,8
24673,무통장입금,D-20180622-0000305-05,2018-06-26 오전 9:36,2018-07-04 오전 2:20,84800,1123.0,1,네이버 페이,2018-06-22,2018,6,Friday,25,주중,2018-06-26,2018-07-04,8 days,8
24674,무통장입금,D-20180622-0000305-06,2018-06-26 오전 9:36,2018-07-04 오전 2:20,106350,1229.0,1,네이버 페이,2018-06-22,2018,6,Friday,25,주중,2018-06-26,2018-07-04,8 days,8
24675,무통장입금,D-20180622-0000305-07,2018-06-26 오전 9:36,2018-07-04 오전 2:20,113500,1235.0,1,네이버 페이,2018-06-22,2018,6,Friday,25,주중,2018-06-26,2018-07-04,8 days,8
24701,카드,D-20180624-0000048-01,2018-06-26 오전 9:36,2018-07-04 오전 6:25,60540,172.0,1,네이버 페이,2018-06-24,2018,6,Sunday,25,주말,2018-06-26,2018-07-04,8 days,8
24702,카드,D-20180624-0000048-02,2018-06-26 오전 9:36,2018-07-04 오전 6:25,69400,437.0,1,네이버 페이,2018-06-24,2018,6,Sunday,25,주말,2018-06-26,2018-07-04,8 days,8
24703,카드,D-20180624-0000048-03,2018-06-26 오전 9:36,2018-07-04 오전 6:25,142980,44.0,2,네이버 페이,2018-06-24,2018,6,Sunday,25,주말,2018-06-26,2018-07-04,8 days,8
24720,카드,D-20180625-0000031-01,2018-06-26 오전 9:36,2018-07-04 오전 7:21,30840,215.0,1,네이버 페이,2018-06-25,2018,6,Monday,26,주중,2018-06-26,2018-07-04,8 days,8
24721,카드,D-20180625-0000045-01,2018-06-26 오전 9:36,2018-07-04 오전 7:31,70500,42.0,1,네이버 페이,2018-06-25,2018,6,Monday,26,주중,2018-06-26,2018-07-04,8 days,8
24737,카드,D-20180625-0000123-01,2018-06-26 오전 9:36,2018-07-04 오전 7:44,85400,450.0,1,네이버 페이,2018-06-25,2018,6,Monday,26,주중,2018-06-26,2018-07-04,8 days,8
24756,무통장입금,D-20180625-0000231-01,2018-06-26 오전 11:30,2018-07-04 오전 8:07,135500,1218.0,1,네이버 페이,2018-06-25,2018,6,Monday,26,주중,2018-06-26,2018-07-04,8 days,8
24757,무통장입금,D-20180625-0000231-02,2018-06-26 오전 11:30,2018-07-04 오전 8:07,128900,1222.0,1,네이버 페이,2018-06-25,2018,6,Monday,26,주중,2018-06-26,2018-07-04,8 days,8
24758,무통장입금,D-20180625-0000231-04,2018-06-26 오전 9:36,2018-07-04 오전 8:07,63240,1091.0,1,네이버 페이,2018-06-25,2018,6,Monday,26,주중,2018-06-26,2018-07-04,8 days,8
24759,무통장입금,D-20180625-0000231-04,2018-06-26 오전 9:36,2018-07-04 오전 8:07,69400,1069.0,1,네이버 페이,2018-06-25,2018,6,Monday,26,주중,2018-06-26,2018-07-04,8 days,8
24760,무통장입금,D-20180625-0000231-04,2018-06-26 오전 9:36,2018-07-04 오전 8:08,71490,1070.0,1,네이버 페이,2018-06-25,2018,6,Monday,26,주중,2018-06-26,2018-07-04,8 days,8
24863,카드,D-20180626-0000236-01,2018-06-26 오후 6:38,2018-07-05 오전 9:44,69400,1069.0,1,네이버 페이,2018-06-26,2018,6,Tuesday,26,주중,2018-06-26,2018-07-05,9 days,9
24934,카드,D-20180627-0000063-01,2018-06-27 오후 6:38,2018-07-07 오전 3:32,104600,90.0,1,네이버 페이,2018-06-27,2018,6,Wednesday,26,주중,2018-06-27,2018-07-07,10 days,10
25031,카드,D-20180628-0000036-01,2018-06-28 오후 6:36,2018-07-08 오전 4:52,45910,1072.0,1,네이버 페이,2018-06-28,2018,6,Thursday,26,주중,2018-06-28,2018-07-08,10 days,10
25032,카드,D-20180628-0000036-02,2018-06-28 오후 6:36,2018-07-08 오전 4:52,104600,90.0,1,네이버 페이,2018-06-28,2018,6,Thursday,26,주중,2018-06-28,2018-07-08,10 days,10
25033,카드,D-20180628-0000036-03,2018-06-28 오후 6:36,2018-07-07 오전 7:23,108000,1083.0,1,네이버 페이,2018-06-28,2018,6,Thursday,26,주중,2018-06-28,2018-07-07,9 days,9
25034,카드,D-20180628-0000036-04,2018-06-28 오후 6:36,2018-07-08 오전 4:52,85400,479.0,1,네이버 페이,2018-06-28,2018,6,Thursday,26,주중,2018-06-28,2018-07-08,10 days,10
25035,카드,D-20180628-0000036-05,2018-06-28 오후 6:36,2018-07-07 오전 7:23,115700,1082.0,1,네이버 페이,2018-06-28,2018,6,Thursday,26,주중,2018-06-28,2018-07-07,9 days,9
25036,카드,D-20180628-0000036-06,2018-06-28 오후 6:36,2018-07-07 오전 7:23,157560,443.0,1,네이버 페이,2018-06-28,2018,6,Thursday,26,주중,2018-06-28,2018-07-07,9 days,9
25037,카드,D-20180628-0000036-07,2018-06-28 오후 6:36,2018-07-08 오전 4:52,80670,481.0,1,네이버 페이,2018-06-28,2018,6,Thursday,26,주중,2018-06-28,2018-07-08,10 days,10
25038,카드,D-20180628-0000036-08,2018-06-28 오후 6:36,2018-07-08 오전 4:52,101900,382.0,1,네이버 페이,2018-06-28,2018,6,Thursday,26,주중,2018-06-28,2018-07-08,10 days,10
25116,카드,D-20180628-0000468-01,2018-06-29 오후 9:26,2018-07-09 오전 1:11,60540,447.0,1,네이버 페이,2018-06-28,2018,6,Thursday,26,주중,2018-06-29,2018-07-09,10 days,10
25123,카드,D-20180628-0000509-01,2018-06-29 오후 9:26,2018-07-09 오전 1:14,104600,90.0,1,네이버 페이,2018-06-28,2018,6,Thursday,26,주중,2018-06-29,2018-07-09,10 days,10
25233,카드,D-20180630-0000117-01,2018-07-02 오후 6:26,2018-07-12 오전 2:22,55480,248.0,1,네이버 페이,2018-06-30,2018,6,Saturday,26,주말,2018-07-02,2018-07-12,10 days,10
25281,카드,D-20180702-0000032-01,2018-07-03 오전 9:16,2018-07-12 오전 6:11,123500,1228.0,1,네이버 페이,2018-07-02,2018,7,Monday,27,주중,2018-07-03,2018-07-12,9 days,9
25284,무통장입금,D-20180702-0000062-01,2018-07-02 오후 6:26,2018-07-09 오전 1:50,30000,512.0,2,네이버 페이,2018-07-02,2018,7,Monday,27,주중,2018-07-02,2018-07-09,7 days,7
25385,카드,D-20180702-0000653-01,2018-07-03 오후 5:24,2018-07-11 오후 7:30,157600,603.0,2,네이버 페이,2018-07-02,2018,7,Monday,27,주중,2018-07-03,2018-07-11,8 days,8
25386,카드,D-20180702-0000665-01,2018-07-03 오후 5:24,2018-07-11 오후 7:30,58120,142.0,1,네이버 페이,2018-07-02,2018,7,Monday,27,주중,2018-07-03,2018-07-11,8 days,8
25389,카드,D-20180702-0000691-01,2018-07-05 오전 10:12,2018-07-13 오전 3:28,45910,1072.0,1,네이버 페이,2018-07-02,2018,7,Monday,27,주중,2018-07-05,2018-07-13,8 days,8
25397,카드,D-20180703-0000010-01,2018-07-03 오후 5:24,2018-07-13 오전 4:23,78800,603.0,1,네이버 페이,2018-07-03,2018,7,Tuesday,27,주중,2018-07-03,2018-07-13,10 days,10
25451,카드,D-20180703-0000321-01,2018-07-05 오전 9:16,2018-07-13 오전 6:14,30840,215.0,1,네이버 페이,2018-07-03,2018,7,Tuesday,27,주중,2018-07-05,2018-07-13,8 days,8
25452,카드,D-20180703-0000321-02,2018-07-05 오전 9:16,2018-07-13 오전 6:14,54600,391.0,1,네이버 페이,2018-07-03,2018,7,Tuesday,27,주중,2018-07-05,2018-07-13,8 days,8
25453,카드,D-20180703-0000336-01,2018-07-05 오전 9:16,2018-07-13 오전 6:14,32930,205.0,1,네이버 페이,2018-07-03,2018,7,Tuesday,27,주중,2018-07-05,2018-07-13,8 days,8
25454,카드,D-20180703-0000336-02,2018-07-05 오전 9:16,2018-07-13 오전 6:14,35900,207.0,1,네이버 페이,2018-07-03,2018,7,Tuesday,27,주중,2018-07-05,2018-07-13,8 days,8
25480,카드,D-20180703-0000456-01,2018-07-05 오전 9:16,2018-07-12 오후 2:58,109100,1121.0,1,네이버 페이,2018-07-03,2018,7,Tuesday,27,주중,2018-07-05,2018-07-12,7 days,7
25539,카드,D-20180704-0000240-01,2018-07-05 오전 9:16,2018-07-13 오전 9:07,678400,219.0,20,네이버 페이,2018-07-04,2018,7,Wednesday,27,주중,2018-07-05,2018-07-13,8 days,8
25581,카드,D-20180705-0000033-01,2018-07-05 오후 7:38,2018-07-12 오전 8:56,75390,959.0,1,네이버 페이,2018-07-05,2018,7,Thursday,27,주중,2018-07-05,2018-07-12,7 days,7
25758,카드,D-20180706-0000379-01,2018-07-10 오전 9:36,2018-07-18 오전 2:47,60540,172.0,1,네이버 페이,2018-07-06,2018,7,Friday,27,주중,2018-07-10,2018-07-18,8 days,8
25763,카드,D-20180707-0000016-01,2018-07-10 오전 9:36,2018-07-19 오전 2:32,60540,172.0,1,네이버 페이,2018-07-07,2018,7,Saturday,27,주말,2018-07-10,2018-07-19,9 days,9
25818,카드,D-20180708-0000188-01,2018-07-10 오전 9:36,2018-07-18 오전 6:20,79900,379.0,1,네이버 페이,2018-07-08,2018,7,Sunday,27,주말,2018-07-10,2018-07-18,8 days,8
25819,카드,D-20180708-0000195-01,2018-07-10 오전 9:36,2018-07-18 오전 6:20,122200,94.0,1,네이버 페이,2018-07-08,2018,7,Sunday,27,주말,2018-07-10,2018-07-18,8 days,8
25820,카드,D-20180708-0000202-01,2018-07-10 오전 9:36,2018-07-18 오전 6:20,74400,378.0,1,네이버 페이,2018-07-08,2018,7,Sunday,27,주말,2018-07-10,2018-07-18,8 days,8
25821,카드,D-20180708-0000210-01,2018-07-10 오전 9:36,2018-07-18 오전 6:29,32930,205.0,1,네이버 페이,2018-07-08,2018,7,Sunday,27,주말,2018-07-10,2018-07-18,8 days,8
25822,카드,D-20180708-0000226-01,2018-07-10 오전 9:36,2018-07-18 오전 6:39,60540,447.0,1,네이버 페이,2018-07-08,2018,7,Sunday,27,주말,2018-07-10,2018-07-18,8 days,8
25825,카드,D-20180709-0000022-01,2018-07-10 오전 9:36,2018-07-17 오후 4:46,60540,172.0,1,네이버 페이,2018-07-09,2018,7,Monday,28,주중,2018-07-10,2018-07-17,7 days,7
25872,카드,D-20180709-0000247-01,2018-07-10 오전 9:36,2018-07-18 오전 8:07,82480,417.0,1,네이버 페이,2018-07-09,2018,7,Monday,28,주중,2018-07-10,2018-07-18,8 days,8
25930,휴대폰,D-20180709-0000627-01,2018-07-10 오후 5:24,2018-07-19 오전 7:51,60540,445.0,1,네이버 페이,2018-07-09,2018,7,Monday,28,주중,2018-07-10,2018-07-19,9 days,9
25994,카드,D-20180710-0000222-01,2018-07-10 오후 5:24,2018-07-19 오전 10:10,149800,49.0,1,네이버 페이,2018-07-10,2018,7,Tuesday,28,주중,2018-07-10,2018-07-19,9 days,9
26009,카드,D-20180710-0000319-01,2018-07-10 오후 5:24,2018-07-19 오전 10:16,143600,558.0,4,네이버 페이,2018-07-10,2018,7,Tuesday,28,주중,2018-07-10,2018-07-19,9 days,9
26031,카드,D-20180710-0000431-01,2018-07-12 오전 11:42,2018-07-20 오전 6:29,101900,940.0,1,네이버 페이,2018-07-10,2018,7,Tuesday,28,주중,2018-07-12,2018-07-20,8 days,8
26045,카드,D-20180711-0000086-01,2018-07-12 오전 11:42,2018-07-20 오전 7:06,70500,42.0,1,네이버 페이,2018-07-11,2018,7,Wednesday,28,주중,2018-07-12,2018-07-20,8 days,8
26047,무통장입금,D-20180711-0000101-01,2018-07-12 오전 11:42,2018-07-20 오전 4:29,36670,635.0,1,네이버 페이,2018-07-11,2018,7,Wednesday,28,주중,2018-07-12,2018-07-20,8 days,8
26048,무통장입금,D-20180711-0000101-02,2018-07-12 오전 11:42,2018-07-20 오전 4:29,87570,632.0,3,네이버 페이,2018-07-11,2018,7,Wednesday,28,주중,2018-07-12,2018-07-20,8 days,8
26049,무통장입금,D-20180711-0000101-03,2018-07-12 오전 11:42,2018-07-20 오전 4:29,67840,217.0,2,네이버 페이,2018-07-11,2018,7,Wednesday,28,주중,2018-07-12,2018-07-20,8 days,8
26050,무통장입금,D-20180711-0000101-04,2018-07-12 오전 11:42,2018-07-20 오전 4:29,127900,393.0,2,네이버 페이,2018-07-11,2018,7,Wednesday,28,주중,2018-07-12,2018-07-20,8 days,8
26073,휴대폰,D-20180711-0000191-01,2018-07-12 오후 5:40,2018-07-20 오전 8:01,85400,451.0,1,네이버 페이,2018-07-11,2018,7,Wednesday,28,주중,2018-07-12,2018-07-20,8 days,8
26195,카드,D-20180712-0000422-01,2018-07-12 오후 5:40,2018-07-21 오전 7:39,47700,1205.0,1,네이버 페이,2018-07-12,2018,7,Thursday,28,주중,2018-07-12,2018-07-21,9 days,9
26196,카드,D-20180712-0000422-02,2018-07-12 오후 5:40,2018-07-21 오전 7:39,60540,447.0,1,네이버 페이,2018-07-12,2018,7,Thursday,28,주중,2018-07-12,2018-07-21,9 days,9
26210,카드,D-20180712-0000519-01,2018-07-13 오후 6:34,2018-07-30 오후 1:54,201600,1194.0,1,네이버 페이,2018-07-12,2018,7,Thursday,28,주중,2018-07-13,2018-07-30,17 days,17
26211,카드,D-20180712-0000524-01,2018-07-13 오후 5:42,2018-07-22 오전 4:04,85400,450.0,1,네이버 페이,2018-07-12,2018,7,Thursday,28,주중,2018-07-13,2018-07-22,9 days,9
26218,카드,D-20180712-0000603-01,2018-07-13 오후 5:42,2018-07-24 오전 1:56,12500,524.0,1,네이버 페이,2018-07-12,2018,7,Thursday,28,주중,2018-07-13,2018-07-24,11 days,11
26244,휴대폰,D-20180713-0000063-01,2018-07-13 오후 5:42,2018-07-22 오전 12:52,60540,447.0,1,네이버 페이,2018-07-13,2018,7,Friday,28,주중,2018-07-13,2018-07-22,9 days,9
26252,카드,D-20180713-0000101-01,2018-07-13 오후 5:42,2018-07-22 오전 6:29,123500,1227.0,1,네이버 페이,2018-07-13,2018,7,Friday,28,주중,2018-07-13,2018-07-22,9 days,9
26253,카드,D-20180713-0000101-02,2018-07-13 오후 5:42,2018-07-22 오전 6:29,131200,1221.0,1,네이버 페이,2018-07-13,2018,7,Friday,28,주중,2018-07-13,2018-07-22,9 days,9
26256,카드,D-20180713-0000122-01,2018-07-13 오후 5:42,2018-07-23 오전 1:12,32930,205.0,1,네이버 페이,2018-07-13,2018,7,Friday,28,주중,2018-07-13,2018-07-23,10 days,10
26286,카드,D-20180713-0000305-01,2018-07-13 오후 5:42,2018-07-23 오후 1:48,60540,447.0,1,네이버 페이,2018-07-13,2018,7,Friday,28,주중,2018-07-13,2018-07-23,10 days,10
26323,무통장입금,D-20180713-0000493-01,2018-07-16 오후 6:38,2018-07-25 오전 3:04,52400,246.0,1,네이버 페이,2018-07-13,2018,7,Friday,28,주중,2018-07-16,2018-07-25,9 days,9
26337,카드,D-20180714-0000113-01,2018-07-16 오후 6:38,2018-07-26 오전 3:37,61700,47.0,1,네이버 페이,2018-07-14,2018,7,Saturday,28,주말,2018-07-16,2018-07-26,10 days,10
26370,카드,D-20180715-0000178-01,2018-07-16 오후 6:38,2018-07-24 오후 11:22,68900,1085.0,1,네이버 페이,2018-07-15,2018,7,Sunday,28,주말,2018-07-16,2018-07-24,8 days,8
26380,카드,D-20180716-0000022-01,2018-07-16 오후 6:38,2018-07-25 오전 6:59,63240,1091.0,1,네이버 페이,2018-07-16,2018,7,Monday,29,주중,2018-07-16,2018-07-25,9 days,9
26381,카드,D-20180716-0000032-01,2018-07-16 오후 6:38,2018-07-25 오전 6:59,122200,94.0,1,네이버 페이,2018-07-16,2018,7,Monday,29,주중,2018-07-16,2018-07-25,9 days,9
26530,카드,D-20180717-0000334-01,2018-07-17 오후 5:56,2018-07-27 오전 6:18,63240,38.0,1,네이버 페이,2018-07-17,2018,7,Tuesday,29,주중,2018-07-17,2018-07-27,10 days,10
26555,카드,D-20180717-0000494-01,2018-07-19 오전 11:52,2018-07-28 오전 3:14,33920,217.0,1,네이버 페이,2018-07-17,2018,7,Tuesday,29,주중,2018-07-19,2018-07-28,9 days,9
26556,카드,D-20180717-0000494-02,2018-07-19 오전 11:52,2018-07-28 오전 3:14,52950,392.0,1,네이버 페이,2018-07-17,2018,7,Tuesday,29,주중,2018-07-19,2018-07-28,9 days,9
26594,무통장입금,D-20180718-0000195-01,2018-07-19 오전 11:52,2018-07-27 오전 8:11,61970,455.0,1,네이버 페이,2018-07-18,2018,7,Wednesday,29,주중,2018-07-19,2018-07-27,8 days,8
26637,무통장입금,D-20180718-0000381-01,2018-07-19 오전 11:52,2018-07-28 오전 4:42,52950,392.0,1,네이버 페이,2018-07-18,2018,7,Wednesday,29,주중,2018-07-19,2018-07-28,9 days,9
26638,무통장입금,D-20180718-0000381-02,2018-07-19 오전 11:52,2018-07-28 오전 4:42,70000,1074.0,1,네이버 페이,2018-07-18,2018,7,Wednesday,29,주중,2018-07-19,2018-07-28,9 days,9
26639,무통장입금,D-20180718-0000381-03,2018-07-19 오전 11:52,2018-07-28 오전 4:42,33920,217.0,1,네이버 페이,2018-07-18,2018,7,Wednesday,29,주중,2018-07-19,2018-07-28,9 days,9
26645,카드,D-20180718-0000454-01,2018-07-19 오전 11:52,2018-07-27 오전 9:00,71490,1070.0,1,네이버 페이,2018-07-18,2018,7,Wednesday,29,주중,2018-07-19,2018-07-27,8 days,8
26659,카드,D-20180718-0000538-01,2018-07-20 오전 9:16,2018-07-28 오전 6:00,91400,1169.0,1,네이버 페이,2018-07-18,2018,7,Wednesday,29,주중,2018-07-20,2018-07-28,8 days,8
26662,카드,D-20180718-0000554-01,2018-07-20 오전 9:16,2018-08-09 오전 12:49,99200,48.0,1,네이버 페이,2018-07-18,2018,7,Wednesday,29,주중,2018-07-20,2018-08-09,20 days,20
26737,카드,D-20180719-0000437-01,2018-07-20 오후 7:24,2018-07-29 오전 4:01,73850,1077.0,1,네이버 페이,2018-07-19,2018,7,Thursday,29,주중,2018-07-20,2018-07-29,9 days,9
26871,무통장입금,D-20180720-0000572-01,2018-07-24 오전 9:52,2018-08-01 오전 2:31,60540,445.0,1,네이버 페이,2018-07-20,2018,7,Friday,29,주중,2018-07-24,2018-08-01,8 days,8
26897,카드,D-20180721-0000141-01,2018-07-24 오전 9:52,2018-08-01 오전 4:18,109200,1231.0,1,네이버 페이,2018-07-21,2018,7,Saturday,29,주말,2018-07-24,2018-08-01,8 days,8
26898,카드,D-20180721-0000152-01,2018-07-24 오전 9:52,2018-08-02 오전 3:30,140000,1217.0,1,네이버 페이,2018-07-21,2018,7,Saturday,29,주말,2018-07-24,2018-08-02,9 days,9
26906,카드,D-20180722-0000025-01,2018-07-24 오전 9:52,2018-08-01 오전 5:17,77700,962.0,1,네이버 페이,2018-07-22,2018,7,Sunday,29,주말,2018-07-24,2018-08-01,8 days,8
26934,카드,D-20180722-0000142-01,2018-07-24 오전 9:52,2018-07-31 오후 6:54,58120,142.0,1,네이버 페이,2018-07-22,2018,7,Sunday,29,주말,2018-07-24,2018-07-31,7 days,7
26944,카드,D-20180723-0000020-01,2018-07-24 오전 9:52,2018-08-01 오전 6:59,109100,1121.0,1,네이버 페이,2018-07-23,2018,7,Monday,30,주중,2018-07-24,2018-08-01,8 days,8
27000,실시간계좌이체,D-20180723-0000291-01,2018-07-24 오전 9:52,2018-08-02 오전 6:45,61970,455.0,1,네이버 페이,2018-07-23,2018,7,Monday,30,주중,2018-07-24,2018-08-02,9 days,9
27001,실시간계좌이체,D-20180723-0000291-02,2018-07-24 오전 9:52,2018-08-02 오전 6:45,47700,1205.0,1,네이버 페이,2018-07-23,2018,7,Monday,30,주중,2018-07-24,2018-08-02,9 days,9
27022,카드,D-20180723-0000421-01,2018-07-24 오전 9:52,2018-07-31 오후 6:54,78800,603.0,1,네이버 페이,2018-07-23,2018,7,Monday,30,주중,2018-07-24,2018-07-31,7 days,7
27136,카드,D-20180723-0001009-01,2018-07-24 오후 6:46,2018-08-03 오전 3:09,154740,608.0,2,네이버 페이,2018-07-23,2018,7,Monday,30,주중,2018-07-24,2018-08-03,10 days,10
27139,카드,D-20180724-0000010-01,2018-07-24 오후 6:46,2018-08-03 오전 3:24,47700,1205.0,1,네이버 페이,2018-07-24,2018,7,Tuesday,30,주중,2018-07-24,2018-08-03,10 days,10
27152,카드,D-20180724-0000073-01,2018-07-24 오후 6:56,2018-08-13 오전 1:00,131200,1222.0,1,네이버 페이,2018-07-24,2018,7,Tuesday,30,주중,2018-07-24,2018-08-13,20 days,20
27171,실시간계좌이체,D-20180724-0000171-01,2018-07-24 오후 6:46,2018-08-02 오전 9:55,85400,451.0,1,네이버 페이,2018-07-24,2018,7,Tuesday,30,주중,2018-07-24,2018-08-02,9 days,9
27206,카드,D-20180724-0000322-01,2018-07-24 오후 6:46,2018-08-03 오전 4:45,29190,632.0,1,네이버 페이,2018-07-24,2018,7,Tuesday,30,주중,2018-07-24,2018-08-03,10 days,10
27207,카드,D-20180724-0000322-02,2018-07-24 오후 6:46,2018-08-03 오전 4:45,33920,217.0,1,네이버 페이,2018-07-24,2018,7,Tuesday,30,주중,2018-07-24,2018-08-03,10 days,10
27208,카드,D-20180724-0000322-03,2018-07-24 오후 6:46,2018-08-03 오전 4:45,63950,393.0,1,네이버 페이,2018-07-24,2018,7,Tuesday,30,주중,2018-07-24,2018-08-03,10 days,10
27242,무통장입금,D-20180724-0000482-01,2018-07-25 오후 5:46,2018-08-04 오전 8:05,14790,1203.0,1,네이버 페이,2018-07-24,2018,7,Tuesday,30,주중,2018-07-25,2018-08-04,10 days,10
27243,무통장입금,D-20180724-0000482-02,2018-07-25 오후 5:46,2018-08-04 오전 8:05,63240,1091.0,1,네이버 페이,2018-07-24,2018,7,Tuesday,30,주중,2018-07-25,2018-08-04,10 days,10
27244,무통장입금,D-20180724-0000482-03,2018-07-25 오후 5:46,2018-08-04 오전 8:05,81500,178.0,1,네이버 페이,2018-07-24,2018,7,Tuesday,30,주중,2018-07-25,2018-08-04,10 days,10
27245,무통장입금,D-20180724-0000482-04,2018-07-25 오후 5:46,2018-08-04 오전 8:05,13140,1204.0,1,네이버 페이,2018-07-24,2018,7,Tuesday,30,주중,2018-07-25,2018-08-04,10 days,10
27252,실시간계좌이체,D-20180724-0000518-01,2018-07-25 오후 5:46,2018-08-03 오전 5:30,63240,1091.0,1,네이버 페이,2018-07-24,2018,7,Tuesday,30,주중,2018-07-25,2018-08-03,9 days,9
27255,카드,D-20180724-0000533-01,2018-07-25 오후 5:46,2018-08-04 오전 8:09,107900,92.0,1,네이버 페이,2018-07-24,2018,7,Tuesday,30,주중,2018-07-25,2018-08-04,10 days,10
27258,카드,D-20180724-0000550-01,2018-07-25 오후 5:46,2018-08-04 오전 8:11,60540,447.0,1,네이버 페이,2018-07-24,2018,7,Tuesday,30,주중,2018-07-25,2018-08-04,10 days,10
27259,카드,D-20180724-0000550-02,2018-07-25 오후 5:46,2018-08-04 오전 8:11,77370,608.0,1,네이버 페이,2018-07-24,2018,7,Tuesday,30,주중,2018-07-25,2018-08-04,10 days,10
27260,카드,D-20180724-0000550-03,2018-07-25 오후 5:46,2018-08-04 오전 8:11,73850,1077.0,1,네이버 페이,2018-07-24,2018,7,Tuesday,30,주중,2018-07-25,2018-08-04,10 days,10
27261,카드,D-20180724-0000560-01,2018-07-25 오후 5:46,2018-08-03 오전 5:48,78800,603.0,1,네이버 페이,2018-07-24,2018,7,Tuesday,30,주중,2018-07-25,2018-08-03,9 days,9
27269,카드,D-20180725-0000015-01,2018-07-25 오후 5:46,2018-08-03 오전 6:39,91670,483.0,1,네이버 페이,2018-07-25,2018,7,Wednesday,30,주중,2018-07-25,2018-08-03,9 days,9
27270,카드,D-20180725-0000015-02,2018-07-25 오후 5:46,2018-08-04 오전 8:39,77700,955.0,1,네이버 페이,2018-07-25,2018,7,Wednesday,30,주중,2018-07-25,2018-08-04,10 days,10
27300,실시간계좌이체,D-20180725-0000162-01,2018-07-25 오후 5:46,2018-08-04 오전 9:13,122200,94.0,1,네이버 페이,2018-07-25,2018,7,Wednesday,30,주중,2018-07-25,2018-08-04,10 days,10
27440,카드,D-20180726-0000296-01,2018-07-27 오후 5:48,2018-08-05 오전 3:14,81500,176.0,1,네이버 페이,2018-07-26,2018,7,Thursday,30,주중,2018-07-27,2018-08-05,9 days,9
27477,카드,D-20180726-0000473-01,2018-07-27 오후 6:34,2018-08-05 오전 3:22,153200,1193.0,1,네이버 페이,2018-07-26,2018,7,Thursday,30,주중,2018-07-27,2018-08-05,9 days,9
27491,무통장입금,D-20180726-0000588-01,2018-07-27 오후 6:34,2018-08-05 오전 3:20,102500,1059.0,1,네이버 페이,2018-07-26,2018,7,Thursday,30,주중,2018-07-27,2018-08-05,9 days,9
27498,실시간계좌이체,D-20180726-0000631-01,2018-07-27 오후 6:34,2018-08-08 오전 1:27,193800,1168.0,2,네이버 페이,2018-07-26,2018,7,Thursday,30,주중,2018-07-27,2018-08-08,12 days,12
27499,실시간계좌이체,D-20180726-0000631-02,2018-07-27 오후 6:34,2018-08-08 오전 1:27,182800,1169.0,2,네이버 페이,2018-07-26,2018,7,Thursday,30,주중,2018-07-27,2018-08-08,12 days,12
27500,실시간계좌이체,D-20180726-0000631-03,2018-07-27 오후 6:34,2018-08-08 오전 1:27,174000,1170.0,2,네이버 페이,2018-07-26,2018,7,Thursday,30,주중,2018-07-27,2018-08-08,12 days,12
27508,카드,D-20180726-0000722-01,2018-07-27 오후 6:34,2018-08-05 오전 4:24,77700,966.0,1,네이버 페이,2018-07-26,2018,7,Thursday,30,주중,2018-07-27,2018-08-05,9 days,9
27537,카드,D-20180727-0000095-01,2018-07-27 오후 6:34,2018-08-05 오전 6:11,79900,379.0,1,네이버 페이,2018-07-27,2018,7,Friday,30,주중,2018-07-27,2018-08-05,9 days,9
27541,카드,D-20180727-0000113-01,2018-07-27 오후 6:34,2018-08-05 오전 6:16,123900,41.0,1,네이버 페이,2018-07-27,2018,7,Friday,30,주중,2018-07-27,2018-08-05,9 days,9
27565,카드,D-20180727-0000251-01,2018-07-27 오후 6:34,2018-08-05 오전 6:38,85400,449.0,1,네이버 페이,2018-07-27,2018,7,Friday,30,주중,2018-07-27,2018-08-05,9 days,9
27580,카드,D-20180727-0000354-01,2018-07-27 오후 6:34,2018-08-05 오전 6:38,30840,215.0,1,네이버 페이,2018-07-27,2018,7,Friday,30,주중,2018-07-27,2018-08-05,9 days,9
27621,실시간계좌이체,D-20180727-0000558-01,2018-07-30 오후 5:30,2018-08-09 오전 1:32,70500,42.0,1,네이버 페이,2018-07-27,2018,7,Friday,30,주중,2018-07-30,2018-08-09,10 days,10
27736,카드,D-20180730-0000253-01,2018-07-30 오후 5:30,2018-08-09 오전 6:12,63950,393.0,1,네이버 페이,2018-07-30,2018,7,Monday,31,주중,2018-07-30,2018-08-09,10 days,10
27786,카드,D-20180730-0000464-01,2018-07-30 오후 5:30,2018-08-08 오전 7:24,60540,447.0,1,네이버 페이,2018-07-30,2018,7,Monday,31,주중,2018-07-30,2018-08-08,9 days,9
27789,카드,D-20180730-0000492-01,2018-07-30 오후 5:30,2018-08-08 오전 7:26,69400,437.0,1,네이버 페이,2018-07-30,2018,7,Monday,31,주중,2018-07-30,2018-08-08,9 days,9
27807,무통장입금,D-20180730-0000587-01,2018-07-30 오후 5:30,2018-08-27 오전 2:06,184000,80.0,2,네이버 페이,2018-07-30,2018,7,Monday,31,주중,2018-07-30,2018-08-27,28 days,28
27808,무통장입금,D-20180730-0000587-02,2018-07-30 오후 5:30,2018-08-09 오전 2:27,199400,82.0,2,네이버 페이,2018-07-30,2018,7,Monday,31,주중,2018-07-30,2018-08-09,10 days,10
27838,카드,D-20180730-0000724-01,2018-07-31 오후 6:00,2018-08-09 오전 7:05,60540,445.0,1,네이버 페이,2018-07-30,2018,7,Monday,31,주중,2018-07-31,2018-08-09,9 days,9
27899,카드,D-20180731-0000221-01,2018-08-01 오후 5:30,2018-08-10 오전 3:30,201600,1194.0,1,네이버 페이,2018-07-31,2018,7,Tuesday,31,주중,2018-08-01,2018-08-10,9 days,9
27982,카드,D-20180801-0000272-01,2018-08-01 오후 5:30,2018-08-10 오전 6:36,122200,94.0,1,네이버 페이,2018-08-01,2018,8,Wednesday,31,주중,2018-08-01,2018-08-10,9 days,9
27994,카드,D-20180801-0000338-01,2018-08-01 오후 5:30,2018-08-08 오전 10:06,78800,603.0,1,네이버 페이,2018-08-01,2018,8,Wednesday,31,주중,2018-08-01,2018-08-08,7 days,7
28061,카드,D-20180802-0000051-01,2018-08-02 오후 6:10,2018-08-09 오후 3:14,30840,215.0,1,네이버 페이,2018-08-02,2018,8,Thursday,31,주중,2018-08-02,2018-08-09,7 days,7
28219,카드,D-20180803-0000228-01,2018-08-03 오후 6:38,2018-08-15 오전 2:26,14240,1268.0,1,네이버 페이,2018-08-03,2018,8,Friday,31,주중,2018-08-03,2018-08-15,12 days,12
28235,카드,D-20180803-0000302-01,2018-08-03 오후 6:38,2018-08-12 오전 5:41,29190,632.0,1,네이버 페이,2018-08-03,2018,8,Friday,31,주중,2018-08-03,2018-08-12,9 days,9
28236,카드,D-20180803-0000302-02,2018-08-03 오후 6:38,2018-08-12 오전 5:41,33920,217.0,1,네이버 페이,2018-08-03,2018,8,Friday,31,주중,2018-08-03,2018-08-12,9 days,9
28237,카드,D-20180803-0000302-03,2018-08-03 오후 6:38,2018-08-12 오전 5:41,52950,392.0,1,네이버 페이,2018-08-03,2018,8,Friday,31,주중,2018-08-03,2018-08-12,9 days,9
28288,카드,D-20180803-0000504-01,2018-08-06 오후 6:22,2018-08-15 오전 3:02,79900,379.0,1,네이버 페이,2018-08-03,2018,8,Friday,31,주중,2018-08-06,2018-08-15,9 days,9
28296,카드,D-20180803-0000577-01,2018-08-06 오후 6:22,2018-08-15 오전 3:28,55480,248.0,1,네이버 페이,2018-08-03,2018,8,Friday,31,주중,2018-08-06,2018-08-15,9 days,9
28301,카드,D-20180804-0000035-01,2018-08-06 오후 6:22,2018-08-16 오전 2:02,60540,172.0,1,네이버 페이,2018-08-04,2018,8,Saturday,31,주말,2018-08-06,2018-08-16,10 days,10
28306,휴대폰,D-20180804-0000072-01,2018-08-06 오후 6:22,2018-08-15 오전 4:09,42720,1268.0,3,네이버 페이,2018-08-04,2018,8,Saturday,31,주말,2018-08-06,2018-08-15,9 days,9
28319,실시간계좌이체,D-20180804-0000156-01,2018-08-06 오후 6:22,2018-08-15 오전 5:08,61700,47.0,1,네이버 페이,2018-08-04,2018,8,Saturday,31,주말,2018-08-06,2018-08-15,9 days,9
28333,실시간계좌이체,D-20180805-0000052-01,2018-08-06 오후 6:22,2018-08-15 오전 6:03,78800,602.0,1,네이버 페이,2018-08-05,2018,8,Sunday,31,주말,2018-08-06,2018-08-15,9 days,9
28340,카드,D-20180805-0000143-01,2018-08-06 오후 6:22,2018-08-15 오전 6:31,63240,38.0,1,네이버 페이,2018-08-05,2018,8,Sunday,31,주말,2018-08-06,2018-08-15,9 days,9
28350,카드,D-20180805-0000192-01,2018-08-06 오후 6:22,2018-08-15 오전 6:55,74400,378.0,1,네이버 페이,2018-08-05,2018,8,Sunday,31,주말,2018-08-06,2018-08-15,9 days,9
28351,카드,D-20180805-0000200-01,2018-08-06 오후 6:22,2018-08-15 오전 6:55,122200,94.0,1,네이버 페이,2018-08-05,2018,8,Sunday,31,주말,2018-08-06,2018-08-15,9 days,9
28352,카드,D-20180805-0000214-01,2018-08-06 오후 6:22,2018-08-15 오전 6:56,45910,140.0,1,네이버 페이,2018-08-05,2018,8,Sunday,31,주말,2018-08-06,2018-08-15,9 days,9
28359,카드,D-20180806-0000010-01,2018-08-06 오후 6:22,2018-08-15 오전 7:21,77700,962.0,1,네이버 페이,2018-08-06,2018,8,Monday,32,주중,2018-08-06,2018-08-15,9 days,9
28400,실시간계좌이체,D-20180806-0000226-01,2018-08-06 오후 6:22,2018-08-15 오전 8:05,70500,42.0,1,네이버 페이,2018-08-06,2018,8,Monday,32,주중,2018-08-06,2018-08-15,9 days,9
28480,카드,D-20180806-0000661-01,2018-08-07 오후 6:18,2018-08-16 오전 5:51,109200,1230.0,1,네이버 페이,2018-08-06,2018,8,Monday,32,주중,2018-08-07,2018-08-16,9 days,9
28481,카드,D-20180806-0000661-02,2018-08-07 오후 6:18,2018-08-16 오전 5:51,137700,1127.0,1,네이버 페이,2018-08-06,2018,8,Monday,32,주중,2018-08-07,2018-08-16,9 days,9
28484,카드,D-20180806-0000681-01,2018-08-07 오후 6:18,2018-08-16 오전 5:51,131200,1222.0,1,네이버 페이,2018-08-06,2018,8,Monday,32,주중,2018-08-07,2018-08-16,9 days,9
28664,카드,D-20180807-0000743-01,2018-08-08 오후 6:30,2018-08-17 오전 4:27,60540,172.0,1,네이버 페이,2018-08-07,2018,8,Tuesday,32,주중,2018-08-08,2018-08-17,9 days,9
28697,카드,D-20180808-0000144-01,2018-08-08 오후 6:30,2018-08-16 오후 9:48,58120,142.0,1,네이버 페이,2018-08-08,2018,8,Wednesday,32,주중,2018-08-08,2018-08-16,8 days,8
28806,카드,D-20180808-0000703-01,2018-08-09 오후 5:36,2018-08-18 오전 4:30,78800,603.0,1,네이버 페이,2018-08-08,2018,8,Wednesday,32,주중,2018-08-09,2018-08-18,9 days,9
28924,카드,D-20180809-0000792-01,2018-08-10 오후 6:20,2018-08-19 오전 3:45,60540,172.0,1,네이버 페이,2018-08-09,2018,8,Thursday,32,주중,2018-08-10,2018-08-19,9 days,9
28931,실시간계좌이체,D-20180809-0000835-01,2018-08-10 오후 6:20,2018-08-22 오전 1:49,122200,94.0,1,네이버 페이,2018-08-09,2018,8,Thursday,32,주중,2018-08-10,2018-08-22,12 days,12
28932,카드,D-20180809-0000841-01,2018-08-16 오후 1:48,2018-08-25 오전 1:28,244500,176.0,3,네이버 페이,2018-08-09,2018,8,Thursday,32,주중,2018-08-16,2018-08-25,9 days,9
28951,"쿠폰,카드",D-20180804-0000054-00,2018-08-06 오후 6:20,2018-08-18 오전 5:32,14240,1268.0,1,모바일웹,2018-08-04,2018,8,Saturday,31,주말,2018-08-06,2018-08-18,12 days,12
28970,카드,D-20180810-0000175-01,2018-08-10 오후 6:20,2018-08-19 오전 5:12,73910,45.0,1,네이버 페이,2018-08-10,2018,8,Friday,32,주중,2018-08-10,2018-08-19,9 days,9
28975,카드,D-20180810-0000202-01,2018-08-10 오후 6:20,2018-08-19 오전 5:17,104600,90.0,1,네이버 페이,2018-08-10,2018,8,Friday,32,주중,2018-08-10,2018-08-19,9 days,9
29111,카드,D-20180813-0000052-01,2018-08-13 오후 6:36,2018-08-22 오전 7:39,206000,84.0,2,네이버 페이,2018-08-13,2018,8,Monday,33,주중,2018-08-13,2018-08-22,9 days,9
29282,카드,D-20180813-0000809-01,2018-08-14 오후 6:16,2018-08-24 오전 4:14,30840,215.0,1,네이버 페이,2018-08-13,2018,8,Monday,33,주중,2018-08-14,2018-08-24,10 days,10
29283,카드,D-20180813-0000809-02,2018-08-14 오후 6:16,2018-08-24 오전 4:14,52950,392.0,1,네이버 페이,2018-08-13,2018,8,Monday,33,주중,2018-08-14,2018-08-24,10 days,10
29291,카드,D-20180813-0000867-01,2018-08-14 오후 6:16,2018-08-24 오전 4:28,85400,450.0,1,네이버 페이,2018-08-13,2018,8,Monday,33,주중,2018-08-14,2018-08-24,10 days,10
29292,카드,D-20180813-0000875-01,2018-08-14 오후 6:16,2018-08-24 오전 4:44,44080,1283.0,1,네이버 페이,2018-08-13,2018,8,Monday,33,주중,2018-08-14,2018-08-24,10 days,10
29302,카드,D-20180813-0000930-01,2018-08-14 오후 6:16,2018-08-24 오전 5:07,77700,957.0,1,네이버 페이,2018-08-13,2018,8,Monday,33,주중,2018-08-14,2018-08-24,10 days,10
29330,카드,D-20180814-0000112-01,2018-08-14 오후 6:16,2018-08-24 오전 6:20,116240,482.0,2,네이버 페이,2018-08-14,2018,8,Tuesday,33,주중,2018-08-14,2018-08-24,10 days,10
29360,실시간계좌이체,D-20180814-0000279-02,2018-08-14 오후 6:16,2018-09-03 오전 12:52,28260,1265.0,2,네이버 페이,2018-08-14,2018,8,Tuesday,33,주중,2018-08-14,2018-09-03,20 days,20
29361,실시간계좌이체,D-20180814-0000279-02,2018-08-17 오후 6:50,2018-08-25 오전 4:05,85400,451.0,1,네이버 페이,2018-08-14,2018,8,Tuesday,33,주중,2018-08-17,2018-08-25,8 days,8
29387,실시간계좌이체,D-20180814-0000427-01,2018-08-14 오후 6:16,2018-08-24 오전 6:57,60540,447.0,1,네이버 페이,2018-08-14,2018,8,Tuesday,33,주중,2018-08-14,2018-08-24,10 days,10
29397,카드,D-20180814-0000526-01,2018-08-16 오후 6:34,2018-08-25 오전 4:30,60540,447.0,1,네이버 페이,2018-08-14,2018,8,Tuesday,33,주중,2018-08-16,2018-08-25,9 days,9
29468,카드,D-20180816-0000015-01,2018-08-17 오후 6:50,2018-08-26 오전 4:58,60540,172.0,1,네이버 페이,2018-08-16,2018,8,Thursday,33,주중,2018-08-17,2018-08-26,9 days,9
29477,카드,D-20180816-0000067-01,2018-08-16 오후 6:34,2018-08-23 오후 5:10,68900,951.0,1,네이버 페이,2018-08-16,2018,8,Thursday,33,주중,2018-08-16,2018-08-23,7 days,7
29516,카드,D-20180816-0000236-01,2018-08-16 오후 6:34,2018-08-25 오전 8:15,79900,379.0,1,네이버 페이,2018-08-16,2018,8,Thursday,33,주중,2018-08-16,2018-08-25,9 days,9
29530,카드,D-20180816-0000348-01,2018-08-16 오후 6:34,2018-08-25 오전 8:29,78800,603.0,1,네이버 페이,2018-08-16,2018,8,Thursday,33,주중,2018-08-16,2018-08-25,9 days,9
29531,카드,D-20180816-0000348-02,2018-08-16 오후 6:34,2018-08-25 오전 8:29,14240,1268.0,1,네이버 페이,2018-08-16,2018,8,Thursday,33,주중,2018-08-16,2018-08-25,9 days,9
29558,카드,D-20180816-0000504-01,2018-08-16 오후 6:34,2018-08-25 오전 8:39,69400,437.0,1,네이버 페이,2018-08-16,2018,8,Thursday,33,주중,2018-08-16,2018-08-25,9 days,9
29630,카드,D-20180817-0000038-01,2018-08-17 오후 6:50,2018-08-26 오전 7:45,341600,451.0,4,네이버 페이,2018-08-17,2018,8,Friday,33,주중,2018-08-17,2018-08-26,9 days,9
29697,카드,D-20180817-0000371-01,2018-08-17 오후 6:50,2018-08-26 오전 8:27,112900,70.0,1,네이버 페이,2018-08-17,2018,8,Friday,33,주중,2018-08-17,2018-08-26,9 days,9
29709,카드,D-20180817-0000466-01,2018-08-17 오후 6:50,2018-08-26 오전 8:36,67840,217.0,2,네이버 페이,2018-08-17,2018,8,Friday,33,주중,2018-08-17,2018-08-26,9 days,9
29710,카드,D-20180817-0000466-02,2018-08-17 오후 6:50,2018-08-26 오전 8:36,61680,215.0,2,네이버 페이,2018-08-17,2018,8,Friday,33,주중,2018-08-17,2018-08-26,9 days,9
29711,카드,D-20180817-0000466-03,2018-08-17 오후 6:50,2018-08-26 오전 8:36,70000,1074.0,1,네이버 페이,2018-08-17,2018,8,Friday,33,주중,2018-08-17,2018-08-26,9 days,9
29800,카드,D-20180819-0000090-01,2018-08-20 오후 6:00,2018-08-29 오전 6:14,122200,94.0,1,네이버 페이,2018-08-19,2018,8,Sunday,33,주말,2018-08-20,2018-08-29,9 days,9
29801,카드,D-20180819-0000108-01,2018-08-20 오후 6:00,2018-08-29 오전 6:14,74400,378.0,1,네이버 페이,2018-08-19,2018,8,Sunday,33,주말,2018-08-20,2018-08-29,9 days,9
29842,카드,D-20180820-0000172-01,2018-08-20 오후 6:00,2018-08-29 오전 7:45,69400,437.0,1,네이버 페이,2018-08-20,2018,8,Monday,34,주중,2018-08-20,2018-08-29,9 days,9
29937,무통장입금,D-20180820-0000727-01,2018-08-21 오후 6:06,2018-08-30 오전 7:14,14130,1265.0,1,네이버 페이,2018-08-20,2018,8,Monday,34,주중,2018-08-21,2018-08-30,9 days,9
29943,카드,D-20180820-0000750-01,2018-08-21 오후 6:06,2018-08-30 오전 7:27,96460,88.0,1,네이버 페이,2018-08-20,2018,8,Monday,34,주중,2018-08-21,2018-08-30,9 days,9
29983,카드,D-20180821-0000176-01,2018-08-21 오후 6:06,2018-08-30 오전 9:13,71930,39.0,1,네이버 페이,2018-08-21,2018,8,Tuesday,34,주중,2018-08-21,2018-08-30,9 days,9
30047,카드,D-20180821-0000521-01,2018-08-23 오전 8:36,2018-08-31 오전 3:36,69400,437.0,1,네이버 페이,2018-08-21,2018,8,Tuesday,34,주중,2018-08-23,2018-08-31,8 days,8
30048,카드,D-20180821-0000521-02,2018-08-23 오전 8:36,2018-08-31 오전 3:36,107900,92.0,1,네이버 페이,2018-08-21,2018,8,Tuesday,34,주중,2018-08-23,2018-08-31,8 days,8
30058,카드,D-20180821-0000627-01,2018-08-23 오전 8:36,2018-08-31 오전 3:56,60540,446.0,1,네이버 페이,2018-08-21,2018,8,Tuesday,34,주중,2018-08-23,2018-08-31,8 days,8
30059,카드,D-20180821-0000627-02,2018-08-22 오후 6:46,2018-08-31 오전 3:56,60540,447.0,1,네이버 페이,2018-08-21,2018,8,Tuesday,34,주중,2018-08-22,2018-08-31,9 days,9
30060,카드,D-20180822-0000010-01,2018-08-23 오전 8:36,2018-09-01 오전 3:03,17870,1266.0,1,네이버 페이,2018-08-22,2018,8,Wednesday,34,주중,2018-08-23,2018-09-01,9 days,9
30117,카드,D-20180822-0000248-01,2018-08-22 오후 6:46,2018-08-30 오전 1:15,52950,392.0,1,네이버 페이,2018-08-22,2018,8,Wednesday,34,주중,2018-08-22,2018-08-30,8 days,8
30151,무통장입금,D-20180822-0000388-01,2018-08-24 오전 8:28,2018-09-01 오전 1:47,43030,1205.0,1,네이버 페이,2018-08-22,2018,8,Wednesday,34,주중,2018-08-24,2018-09-01,8 days,8
30176,카드,D-20180822-0000515-01,2018-08-24 오전 8:28,2018-09-01 오전 5:47,77700,962.0,1,네이버 페이,2018-08-22,2018,8,Wednesday,34,주중,2018-08-24,2018-09-01,8 days,8
30177,카드,D-20180822-0000515-02,2018-08-24 오전 8:28,2018-09-01 오전 5:47,77700,957.0,1,네이버 페이,2018-08-22,2018,8,Wednesday,34,주중,2018-08-24,2018-09-01,8 days,8
30215,카드,D-20180823-0000154-01,2018-08-24 오전 8:28,2018-09-01 오전 6:37,30180,631.0,1,네이버 페이,2018-08-23,2018,8,Thursday,34,주중,2018-08-24,2018-09-01,8 days,8
30286,카드,D-20180824-0000046-01,2018-08-26 오후 6:34,2018-09-03 오전 12:54,60540,172.0,1,네이버 페이,2018-08-24,2018,8,Friday,34,주중,2018-08-26,2018-09-03,8 days,8
30379,휴대폰,D-20180824-0000559-01,2018-08-27 오후 7:10,2018-09-05 오전 2:52,70500,42.0,1,네이버 페이,2018-08-24,2018,8,Friday,34,주중,2018-08-27,2018-09-05,9 days,9
30382,카드,D-20180824-0000588-01,2018-08-27 오후 7:10,2018-09-05 오전 3:24,60540,172.0,1,네이버 페이,2018-08-24,2018,8,Friday,34,주중,2018-08-27,2018-09-05,9 days,9
30389,카드,D-20180825-0000042-01,2018-08-27 오후 7:10,2018-09-06 오전 2:24,138800,1069.0,2,네이버 페이,2018-08-25,2018,8,Saturday,34,주말,2018-08-27,2018-09-06,10 days,10
30390,카드,D-20180825-0000051-01,2018-08-27 오후 7:10,2018-09-05 오전 3:59,44080,1283.0,1,네이버 페이,2018-08-25,2018,8,Saturday,34,주말,2018-08-27,2018-09-05,9 days,9
30500,카드,D-20180827-0000262-01,2018-08-27 오후 7:10,2018-09-09 오전 1:28,68900,1085.0,1,네이버 페이,2018-08-27,2018,8,Monday,35,주중,2018-08-27,2018-09-09,13 days,13
30511,카드,D-20180827-0000339-01,2018-08-27 오후 7:10,2018-09-24 오전 12:53,96460,88.0,1,네이버 페이,2018-08-27,2018,8,Monday,35,주중,2018-08-27,2018-09-24,28 days,28
30514,카드,D-20180827-0000357-01,2018-08-27 오후 7:10,2018-09-05 오전 8:10,85400,449.0,1,네이버 페이,2018-08-27,2018,8,Monday,35,주중,2018-08-27,2018-09-05,9 days,9
30650,무통장입금,D-20180828-0000456-01,2018-08-28 오후 5:44,2018-09-07 오전 2:46,107900,92.0,1,네이버 페이,2018-08-28,2018,8,Tuesday,35,주중,2018-08-28,2018-09-07,10 days,10
30725,카드,D-20180829-0000196-01,2018-08-31 오전 9:36,2018-09-08 오전 3:18,60540,447.0,1,네이버 페이,2018-08-29,2018,8,Wednesday,35,주중,2018-08-31,2018-09-08,8 days,8
30756,실시간계좌이체,D-20180829-0000346-01,2018-09-02 오후 3:54,2018-09-10 오전 12:54,122200,94.0,1,네이버 페이,2018-08-29,2018,8,Wednesday,35,주중,2018-09-02,2018-09-10,8 days,8
30807,실시간계좌이체,D-20180830-0000119-01,2018-09-03 오후 1:16,2018-09-11 오전 1:19,61970,455.0,1,네이버 페이,2018-08-30,2018,8,Thursday,35,주중,2018-09-03,2018-09-11,8 days,8
30812,카드,D-20180830-0000137-01,2018-08-31 오전 9:36,2018-09-09 오전 2:38,121080,446.0,2,네이버 페이,2018-08-30,2018,8,Thursday,35,주중,2018-08-31,2018-09-09,9 days,9
30826,"쿠폰,무통장입금",D-20180830-0000212-04,2018-09-04 오전 9:47,2018-09-11 오전 5:32,15890,1267.0,1,모바일웹,2018-08-30,2018,8,Thursday,35,주중,2018-09-04,2018-09-11,7 days,7
30835,카드,D-20180830-0000247-03,2018-08-31 오전 9:36,2018-09-08 오전 6:21,92380,1036.0,1,네이버 페이,2018-08-30,2018,8,Thursday,35,주중,2018-08-31,2018-09-08,8 days,8
30836,카드,D-20180830-0000247-02,2018-09-02 오후 3:54,2018-09-10 오전 12:54,82600,1058.0,1,네이버 페이,2018-08-30,2018,8,Thursday,35,주중,2018-09-02,2018-09-10,8 days,8
30837,카드,D-20180830-0000247-03,2018-08-31 오전 9:36,2018-09-08 오전 6:21,109870,1037.0,1,네이버 페이,2018-08-30,2018,8,Thursday,35,주중,2018-08-31,2018-09-08,8 days,8
30838,카드,D-20180830-0000247-03,2018-08-31 오전 9:36,2018-09-08 오전 6:21,83360,1035.0,1,네이버 페이,2018-08-30,2018,8,Thursday,35,주중,2018-08-31,2018-09-08,8 days,8
30879,카드,D-20180830-0000431-01,2018-09-03 오후 1:16,2018-09-11 오전 1:23,78800,603.0,1,네이버 페이,2018-08-30,2018,8,Thursday,35,주중,2018-09-03,2018-09-11,8 days,8
30889,카드,D-20180830-0000489-01,2018-08-31 오전 9:36,2018-09-08 오전 6:45,58120,142.0,1,네이버 페이,2018-08-30,2018,8,Thursday,35,주중,2018-08-31,2018-09-08,8 days,8
30925,카드,D-20180830-0000691-01,2018-09-02 오후 3:54,2018-09-10 오전 12:56,81500,184.0,1,네이버 페이,2018-08-30,2018,8,Thursday,35,주중,2018-09-02,2018-09-10,8 days,8
30926,카드,D-20180830-0000691-02,2018-09-02 오후 3:54,2018-09-10 오전 12:56,60540,447.0,1,네이버 페이,2018-08-30,2018,8,Thursday,35,주중,2018-09-02,2018-09-10,8 days,8
30941,카드,D-20180831-0000084-01,2018-09-03 오후 1:00,2018-09-11 오전 1:42,78800,602.0,1,네이버 페이,2018-08-31,2018,8,Friday,35,주중,2018-09-03,2018-09-11,8 days,8
30965,무통장입금,D-20180831-0000209-01,2018-09-02 오후 3:54,2018-09-11 오전 1:46,33920,219.0,1,네이버 페이,2018-08-31,2018,8,Friday,35,주중,2018-09-02,2018-09-11,9 days,9
30966,무통장입금,D-20180831-0000209-02,2018-09-02 오후 3:54,2018-09-11 오전 1:46,60100,388.0,1,네이버 페이,2018-08-31,2018,8,Friday,35,주중,2018-09-02,2018-09-11,9 days,9
31034,무통장입금,D-20180901-0000074-01,2018-09-04 오전 9:48,2018-09-13 오전 1:37,107900,92.0,1,네이버 페이,2018-09-01,2018,9,Saturday,35,주말,2018-09-04,2018-09-13,9 days,9
31118,카드,D-20180903-0000065-01,2018-09-03 오후 5:50,2018-09-12 오전 7:32,61970,455.0,1,네이버 페이,2018-09-03,2018,9,Monday,36,주중,2018-09-03,2018-09-12,9 days,9
31160,카드,D-20180903-0000318-01,2018-09-03 오후 5:50,2018-09-14 오후 6:36,81500,176.0,1,네이버 페이,2018-09-03,2018,9,Monday,36,주중,2018-09-03,2018-09-14,11 days,11
31177,카드,D-20180903-0000473-01,2018-09-06 오전 11:56,2018-09-14 오전 2:32,60540,447.0,1,네이버 페이,2018-09-03,2018,9,Monday,36,주중,2018-09-06,2018-09-14,8 days,8
31227,카드,D-20180903-0000805-01,2018-09-05 오전 10:08,2018-09-12 오후 8:06,146500,1122.0,1,네이버 페이,2018-09-03,2018,9,Monday,36,주중,2018-09-05,2018-09-12,7 days,7
31307,카드,D-20180904-0000402-01,2018-09-05 오전 10:08,2018-09-13 오전 7:54,32930,205.0,1,네이버 페이,2018-09-04,2018,9,Tuesday,36,주중,2018-09-05,2018-09-13,8 days,8
31308,카드,D-20180904-0000402-02,2018-09-05 오전 10:08,2018-09-13 오전 7:54,80450,397.0,1,네이버 페이,2018-09-04,2018,9,Tuesday,36,주중,2018-09-05,2018-09-13,8 days,8
31330,카드,D-20180904-0000508-01,2018-09-05 오후 6:18,2018-09-14 오전 4:31,61970,455.0,1,네이버 페이,2018-09-04,2018,9,Tuesday,36,주중,2018-09-05,2018-09-14,9 days,9
31338,카드,D-20180904-0000540-01,2018-09-05 오전 10:08,2018-09-13 오전 8:03,77700,957.0,1,네이버 페이,2018-09-04,2018,9,Tuesday,36,주중,2018-09-05,2018-09-13,8 days,8
31350,카드,D-20180904-0000618-01,2018-09-07 오후 1:50,2018-09-15 오전 1:25,104600,90.0,1,네이버 페이,2018-09-04,2018,9,Tuesday,36,주중,2018-09-07,2018-09-15,8 days,8
31380,무통장입금,D-20180904-0000794-01,2018-09-07 오후 1:50,2018-09-21 오후 1:08,201600,1194.0,1,네이버 페이,2018-09-04,2018,9,Tuesday,36,주중,2018-09-07,2018-09-21,14 days,14
31381,무통장입금,D-20180904-0000794-02,2018-09-07 오후 1:50,2018-09-15 오전 1:33,131200,1226.0,1,네이버 페이,2018-09-04,2018,9,Tuesday,36,주중,2018-09-07,2018-09-15,8 days,8
31382,무통장입금,D-20180904-0000794-03,2018-09-07 오후 1:50,2018-09-15 오전 1:33,140000,1218.0,1,네이버 페이,2018-09-04,2018,9,Tuesday,36,주중,2018-09-07,2018-09-15,8 days,8
31412,카드,D-20180905-0000074-01,2018-09-07 오후 1:50,2018-09-15 오전 1:49,68900,951.0,1,네이버 페이,2018-09-05,2018,9,Wednesday,36,주중,2018-09-07,2018-09-15,8 days,8
31423,무통장입금,D-20180905-0000111-01,2018-09-05 오후 6:02,2018-09-14 오전 6:49,55480,248.0,1,네이버 페이,2018-09-05,2018,9,Wednesday,36,주중,2018-09-05,2018-09-14,9 days,9
31424,무통장입금,D-20180905-0000111-02,2018-09-05 오후 6:02,2018-09-18 오전 4:38,77700,966.0,1,네이버 페이,2018-09-05,2018,9,Wednesday,36,주중,2018-09-05,2018-09-18,13 days,13
31425,무통장입금,D-20180905-0000111-03,2018-09-05 오후 6:02,2018-09-15 오전 1:53,397000,812.0,1,네이버 페이,2018-09-05,2018,9,Wednesday,36,주중,2018-09-05,2018-09-15,10 days,10
31429,카드,D-20180905-0000144-01,2018-09-05 오후 6:08,2018-09-14 오전 6:52,15890,1271.0,1,네이버 페이,2018-09-05,2018,9,Wednesday,36,주중,2018-09-05,2018-09-14,9 days,9
31430,카드,D-20180905-0000144-02,2018-09-05 오후 6:08,2018-09-14 오전 6:52,15890,1267.0,1,네이버 페이,2018-09-05,2018,9,Wednesday,36,주중,2018-09-05,2018-09-14,9 days,9
31431,카드,D-20180905-0000144-03,2018-09-05 오후 6:08,2018-10-01 오후 5:16,133400,1219.0,1,네이버 페이,2018-09-05,2018,9,Wednesday,36,주중,2018-09-05,2018-10-01,26 days,26
31552,카드,D-20180906-0000079-01,2018-09-07 오후 1:50,2018-09-15 오전 3:52,30840,215.0,1,네이버 페이,2018-09-06,2018,9,Thursday,36,주중,2018-09-07,2018-09-15,8 days,8
31586,카드,D-20180906-0000226-01,2018-09-07 오후 1:50,2018-09-14 오후 11:46,601000,388.0,10,네이버 페이,2018-09-06,2018,9,Thursday,36,주중,2018-09-07,2018-09-14,7 days,7
31753,카드,D-20180908-0000024-01,2018-09-11 오전 9:54,2018-09-18 오후 8:52,119020,88.0,1,네이버 페이,2018-09-08,2018,9,Saturday,36,주말,2018-09-11,2018-09-18,7 days,7
31798,카드,D-20180909-0000209-01,2018-09-11 오전 9:54,2018-09-19 오전 6:33,92070,1231.0,1,네이버 페이,2018-09-09,2018,9,Sunday,36,주말,2018-09-11,2018-09-19,8 days,8
31862,카드,D-20180910-0000326-01,2018-09-11 오전 9:54,2018-09-19 오전 8:08,103620,51.0,1,네이버 페이,2018-09-10,2018,9,Monday,37,주중,2018-09-11,2018-09-19,8 days,8
31940,무통장입금,D-20180910-0000875-01,2018-09-12 오후 6:32,2018-09-20 오전 6:30,58410,455.0,1,네이버 페이,2018-09-10,2018,9,Monday,37,주중,2018-09-12,2018-09-20,8 days,8
31977,카드,D-20180911-0000051-02,2018-09-12 오후 6:32,2018-09-21 오전 3:12,207240,1169.0,2,네이버 페이,2018-09-11,2018,9,Tuesday,37,주중,2018-09-12,2018-09-21,9 days,9
31978,카드,D-20180911-0000051-03,2018-09-12 오후 6:32,2018-09-21 오전 3:12,97020,1170.0,1,네이버 페이,2018-09-11,2018,9,Tuesday,37,주중,2018-09-12,2018-09-21,9 days,9
32040,카드,D-20180911-0000342-01,2018-09-12 오후 6:32,2018-09-21 오전 4:14,66500,47.0,1,네이버 페이,2018-09-11,2018,9,Tuesday,37,주중,2018-09-12,2018-09-21,9 days,9
32042,카드,D-20180911-0000366-01,2018-09-12 오후 6:32,2018-09-21 오전 4:21,75570,437.0,1,네이버 페이,2018-09-11,2018,9,Tuesday,37,주중,2018-09-12,2018-09-21,9 days,9
32067,카드,D-20180912-0000014-01,2018-09-13 오후 3:58,2018-09-21 오전 6:21,56760,172.0,1,네이버 페이,2018-09-12,2018,9,Wednesday,37,주중,2018-09-13,2018-09-21,8 days,8
32068,카드,D-20180912-0000029-01,2018-09-12 오후 6:32,2018-09-21 오전 6:21,78870,603.0,1,네이버 페이,2018-09-12,2018,9,Wednesday,37,주중,2018-09-12,2018-09-21,9 days,9
32077,카드,D-20180912-0000089-01,2018-09-13 오후 3:58,2018-09-22 오전 4:06,86790,449.0,1,네이버 페이,2018-09-12,2018,9,Wednesday,37,주중,2018-09-13,2018-09-22,9 days,9
32155,카드,D-20180912-0000597-01,2018-09-14 오전 10:50,2018-09-22 오전 4:12,30180,631.0,1,네이버 페이,2018-09-12,2018,9,Wednesday,37,주중,2018-09-14,2018-09-22,8 days,8
32284,카드,D-20180913-0000395-01,2018-09-14 오후 5:56,2018-09-22 오후 12:24,81350,481.0,1,네이버 페이,2018-09-13,2018,9,Thursday,37,주중,2018-09-14,2018-09-22,8 days,8
32381,카드,D-20180914-0000458-01,2018-09-18 오전 11:06,2018-09-25 오후 9:46,77220,379.0,1,네이버 페이,2018-09-14,2018,9,Friday,37,주중,2018-09-18,2018-09-25,7 days,7
32382,카드,D-20180914-0000462-01,2018-09-18 오전 11:06,2018-09-25 오후 9:46,72270,378.0,1,네이버 페이,2018-09-14,2018,9,Friday,37,주중,2018-09-18,2018-09-25,7 days,7
32383,카드,D-20180914-0000474-01,2018-09-18 오전 11:06,2018-09-25 오후 9:48,73920,43.0,1,네이버 페이,2018-09-14,2018,9,Friday,37,주중,2018-09-18,2018-09-25,7 days,7
32441,카드,D-20180916-0000176-01,2018-09-18 오전 11:06,2018-09-27 오전 4:51,20460,215.0,1,네이버 페이,2018-09-16,2018,9,Sunday,37,주말,2018-09-18,2018-09-27,9 days,9
32489,실시간계좌이체,D-20180917-0000208-01,2018-09-18 오전 11:06,2018-09-26 오전 7:31,220440,1168.0,2,네이버 페이,2018-09-17,2018,9,Monday,38,주중,2018-09-18,2018-09-26,8 days,8
32490,실시간계좌이체,D-20180917-0000208-02,2018-09-18 오전 11:06,2018-09-26 오전 7:31,207240,1169.0,2,네이버 페이,2018-09-17,2018,9,Monday,38,주중,2018-09-18,2018-09-26,8 days,8
32553,실시간계좌이체,D-20180917-0000442-01,2018-09-19 오전 11:26,2018-09-28 오전 2:55,86790,451.0,1,네이버 페이,2018-09-17,2018,9,Monday,38,주중,2018-09-19,2018-09-28,9 days,9
32577,카드,D-20180917-0000555-01,2018-09-18 오전 11:06,2018-09-27 오전 6:33,68970,1091.0,1,네이버 페이,2018-09-17,2018,9,Monday,38,주중,2018-09-18,2018-09-27,9 days,9
32578,카드,D-20180917-0000562-01,2018-09-18 오전 11:06,2018-09-27 오전 6:33,152800,608.0,2,네이버 페이,2018-09-17,2018,9,Monday,38,주중,2018-09-18,2018-09-27,9 days,9
32584,카드,D-20180917-0000598-01,2018-09-27 오후 6:32,2018-10-07 오전 1:57,68970,1091.0,1,네이버 페이,2018-09-17,2018,9,Monday,38,주중,2018-09-27,2018-10-07,10 days,10
32585,카드,D-20180917-0000601-01,2018-09-18 오전 11:06,2018-09-27 오전 6:40,68970,1091.0,1,네이버 페이,2018-09-17,2018,9,Monday,38,주중,2018-09-18,2018-09-27,9 days,9
32588,카드,D-20180917-0000626-01,2018-09-18 오전 11:06,2018-09-28 오전 3:06,68970,1091.0,1,네이버 페이,2018-09-17,2018,9,Monday,38,주중,2018-09-18,2018-09-28,10 days,10
32597,카드,D-20180917-0000679-01,2018-09-19 오전 11:26,2018-09-27 오전 6:44,142900,1077.0,2,네이버 페이,2018-09-17,2018,9,Monday,38,주중,2018-09-19,2018-09-27,8 days,8
32604,카드,D-20180917-0000715-01,2018-09-19 오전 11:26,2018-09-28 오전 3:17,68970,1091.0,1,네이버 페이,2018-09-17,2018,9,Monday,38,주중,2018-09-19,2018-09-28,9 days,9
32611,카드,D-20180917-0000754-01,2018-09-19 오전 11:26,2018-09-28 오전 3:22,68970,1091.0,1,네이버 페이,2018-09-17,2018,9,Monday,38,주중,2018-09-19,2018-09-28,9 days,9
32629,무통장입금,D-20180917-0000814-01,2018-09-19 오전 11:26,2018-09-28 오전 3:28,52580,246.0,1,네이버 페이,2018-09-17,2018,9,Monday,38,주중,2018-09-19,2018-09-28,9 days,9
32635,카드,D-20180917-0000843-01,2018-09-19 오전 11:26,2018-09-28 오전 3:32,70620,42.0,1,네이버 페이,2018-09-17,2018,9,Monday,38,주중,2018-09-19,2018-09-28,9 days,9
32658,카드,D-20180917-0001010-01,2018-09-19 오전 11:26,2018-09-26 오후 9:28,78870,1070.0,1,네이버 페이,2018-09-17,2018,9,Monday,38,주중,2018-09-19,2018-09-26,7 days,7
32714,휴대폰,D-20180918-0000273-01,2018-09-19 오전 11:26,2018-09-29 오전 3:28,113520,447.0,2,네이버 페이,2018-09-18,2018,9,Tuesday,38,주중,2018-09-19,2018-09-29,10 days,10
32777,카드,D-20180918-0000545-01,2018-09-20 오전 11:26,2018-09-30 오전 1:17,22110,217.0,1,네이버 페이,2018-09-18,2018,9,Tuesday,38,주중,2018-09-20,2018-09-30,10 days,10
32778,카드,D-20180918-0000545-02,2018-09-20 오전 11:26,2018-09-30 오전 1:17,61380,215.0,3,네이버 페이,2018-09-18,2018,9,Tuesday,38,주중,2018-09-20,2018-09-30,10 days,10
32779,카드,D-20180918-0000545-03,2018-09-20 오전 11:26,2018-09-30 오전 1:17,293040,1074.0,4,네이버 페이,2018-09-18,2018,9,Tuesday,38,주중,2018-09-20,2018-09-30,10 days,10
32793,카드,D-20180918-0000619-01,2018-09-20 오전 11:26,2018-09-29 오전 3:55,151470,78.0,1,네이버 페이,2018-09-18,2018,9,Tuesday,38,주중,2018-09-20,2018-09-29,9 days,9
32834,무통장입금,D-20180919-0000148-01,2018-09-20 오전 11:26,2018-10-04 오후 11:26,41910,1205.0,1,네이버 페이,2018-09-19,2018,9,Wednesday,38,주중,2018-09-20,2018-10-04,14 days,14
32928,실시간계좌이체,D-20180920-0000199-01,2018-09-27 오후 6:32,2018-10-07 오전 3:31,76400,608.0,1,네이버 페이,2018-09-20,2018,9,Thursday,38,주중,2018-09-27,2018-10-07,10 days,10
32934,휴대폰,D-20180920-0000214-01,2018-09-27 오후 6:32,2018-10-04 오전 11:38,121110,1037.0,1,네이버 페이,2018-09-20,2018,9,Thursday,38,주중,2018-09-27,2018-10-04,7 days,7
32935,휴대폰,D-20180920-0000214-02,2018-09-27 오후 6:32,2018-10-04 오전 11:38,55110,1139.0,1,네이버 페이,2018-09-20,2018,9,Thursday,38,주중,2018-09-27,2018-10-04,7 days,7
32954,카드,D-20180921-0000048-01,2018-09-27 오후 6:32,2018-10-07 오전 4:20,83050,962.0,1,네이버 페이,2018-09-21,2018,9,Friday,38,주중,2018-09-27,2018-10-07,10 days,10
32972,무통장입금,D-20180921-0000138-01,2018-09-27 오후 6:32,2018-10-25 오전 12:56,123420,70.0,1,네이버 페이,2018-09-21,2018,9,Friday,38,주중,2018-09-27,2018-10-25,28 days,28
32973,무통장입금,D-20180921-0000138-02,2018-09-27 오후 6:32,2018-10-25 오전 12:56,115170,68.0,1,네이버 페이,2018-09-21,2018,9,Friday,38,주중,2018-09-27,2018-10-25,28 days,28
33026,카드,D-20180926-0000139-01,2018-09-27 오후 6:32,2018-10-08 오전 6:37,103620,48.0,1,네이버 페이,2018-09-26,2018,9,Wednesday,39,주중,2018-09-27,2018-10-08,11 days,11
33032,카드,D-20180926-0000191-01,2018-09-27 오후 6:32,2018-10-04 오후 6:30,71450,1077.0,1,네이버 페이,2018-09-26,2018,9,Wednesday,39,주중,2018-09-27,2018-10-04,7 days,7
33039,카드,D-20180926-0000256-01,2018-09-27 오후 6:32,2018-10-06 오후 7:08,124250,90.0,1,네이버 페이,2018-09-26,2018,9,Wednesday,39,주중,2018-09-27,2018-10-06,9 days,9
33049,카드,D-20180927-0000057-01,2018-09-27 오후 6:32,2018-10-07 오후 12:14,261250,482.0,5,네이버 페이,2018-09-27,2018,9,Thursday,39,주중,2018-09-27,2018-10-07,10 days,10
33107,카드,D-20180927-0000372-01,2018-09-28 오전 9:24,2018-10-07 오후 12:42,51810,142.0,1,네이버 페이,2018-09-27,2018,9,Thursday,39,주중,2018-09-28,2018-10-07,9 days,9
33108,카드,D-20180927-0000386-01,2018-09-27 오후 6:32,2018-10-07 오후 12:42,78870,603.0,1,네이버 페이,2018-09-27,2018,9,Thursday,39,주중,2018-09-27,2018-10-07,10 days,10
33143,카드,D-20180927-0000602-01,2018-09-28 오후 9:28,2018-10-08 오전 8:20,68970,1091.0,1,네이버 페이,2018-09-27,2018,9,Thursday,39,주중,2018-09-28,2018-10-08,10 days,10
33149,카드,D-20180927-0000648-01,2018-09-28 오전 11:16,2018-10-10 오전 1:54,56760,447.0,1,네이버 페이,2018-09-27,2018,9,Thursday,39,주중,2018-09-28,2018-10-10,12 days,12
33152,카드,D-20180927-0000667-01,2018-09-28 오전 11:16,2018-10-07 오후 1:15,217140,1121.0,2,네이버 페이,2018-09-27,2018,9,Thursday,39,주중,2018-09-28,2018-10-07,9 days,9
33160,무통장입금,D-20180927-0000712-01,2018-09-28 오전 11:16,2018-10-07 오전 2:53,58410,455.0,1,네이버 페이,2018-09-27,2018,9,Thursday,39,주중,2018-09-28,2018-10-07,9 days,9
33217,카드,D-20180928-0000258-01,2018-09-28 오후 9:28,2018-10-07 오후 3:22,132500,92.0,1,네이버 페이,2018-09-28,2018,9,Friday,39,주중,2018-09-28,2018-10-07,9 days,9
33264,실시간계좌이체,D-20180928-0000573-01,2018-10-02 오전 8:54,2018-10-10 오전 2:44,93720,1123.0,1,네이버 페이,2018-09-28,2018,9,Friday,39,주중,2018-10-02,2018-10-10,8 days,8
33323,실시간계좌이체,D-20180930-0000213-01,2018-10-02 오전 8:54,2018-10-10 오전 6:22,140750,94.0,1,네이버 페이,2018-09-30,2018,9,Sunday,39,주말,2018-10-02,2018-10-10,8 days,8
33454,카드,D-20181001-0000415-01,2018-10-02 오후 1:04,2018-10-10 오전 8:24,83050,959.0,1,네이버 페이,2018-10-01,2018,10,Monday,40,주중,2018-10-02,2018-10-10,8 days,8
33468,무통장입금,D-20181001-0000492-01,2018-10-02 오후 6:32,2018-10-10 오전 9:46,86790,451.0,1,네이버 페이,2018-10-01,2018,10,Monday,40,주중,2018-10-02,2018-10-10,8 days,8
33482,카드,D-20181001-0000626-01,2018-10-02 오전 8:56,2018-10-16 오전 1:11,51810,248.0,1,네이버 페이,2018-10-01,2018,10,Monday,40,주중,2018-10-02,2018-10-16,14 days,14
33502,카드,D-20181001-0000729-01,2018-10-02 오후 6:32,2018-10-13 오전 4:50,76400,608.0,1,네이버 페이,2018-10-01,2018,10,Monday,40,주중,2018-10-02,2018-10-13,11 days,11
33508,카드,D-20181001-0000744-01,2018-10-02 오후 6:32,2018-10-10 오후 12:10,78870,1070.0,1,네이버 페이,2018-10-01,2018,10,Monday,40,주중,2018-10-02,2018-10-10,8 days,8
33547,무통장입금,D-20181002-0000113-01,2018-10-02 오후 6:32,2018-10-13 오전 6:13,86790,449.0,1,네이버 페이,2018-10-02,2018,10,Tuesday,40,주중,2018-10-02,2018-10-13,11 days,11
33573,카드,D-20181002-0000248-01,2018-10-02 오후 6:32,2018-10-13 오전 6:23,20460,215.0,1,네이버 페이,2018-10-02,2018,10,Tuesday,40,주중,2018-10-02,2018-10-13,11 days,11
33574,카드,D-20181002-0000248-02,2018-10-02 오후 6:32,2018-10-12 오전 6:27,51810,392.0,1,네이버 페이,2018-10-02,2018,10,Tuesday,40,주중,2018-10-02,2018-10-12,10 days,10
33624,카드,D-20181002-0000549-01,2018-10-05 오전 9:16,2018-10-13 오전 7:05,56760,446.0,1,네이버 페이,2018-10-02,2018,10,Tuesday,40,주중,2018-10-05,2018-10-13,8 days,8
33650,카드,D-20181003-0000043-01,2018-10-05 오전 9:16,2018-10-13 오전 7:57,75570,1069.0,1,네이버 페이,2018-10-03,2018,10,Wednesday,40,주중,2018-10-05,2018-10-13,8 days,8
33651,카드,D-20181003-0000052-01,2018-10-05 오전 9:16,2018-10-13 오전 7:57,82170,45.0,1,네이버 페이,2018-10-03,2018,10,Wednesday,40,주중,2018-10-05,2018-10-13,8 days,8
33671,카드,D-20181003-0000174-01,2018-10-05 오전 9:16,2018-10-26 오전 12:56,75570,437.0,1,네이버 페이,2018-10-03,2018,10,Wednesday,40,주중,2018-10-05,2018-10-26,21 days,21
33688,카드,D-20181003-0000291-01,2018-10-05 오전 9:16,2018-10-14 오전 5:41,157740,603.0,2,네이버 페이,2018-10-03,2018,10,Wednesday,40,주중,2018-10-05,2018-10-14,9 days,9
33709,카드,D-20181003-0000419-01,2018-10-05 오전 9:16,2018-10-14 오전 6:22,116000,605.0,1,네이버 페이,2018-10-03,2018,10,Wednesday,40,주중,2018-10-05,2018-10-14,9 days,9
33844,카드,D-20181004-0000629-02,2018-10-05 오후 6:14,2018-10-15 오전 1:02,55110,388.0,1,네이버 페이,2018-10-04,2018,10,Thursday,40,주중,2018-10-05,2018-10-15,10 days,10
33851,카드,D-20181004-0000667-01,2018-10-05 오후 6:14,2018-10-13 오전 10:20,68970,38.0,1,네이버 페이,2018-10-04,2018,10,Thursday,40,주중,2018-10-05,2018-10-13,8 days,8
33852,카드,D-20181004-0000676-01,2018-10-05 오후 6:14,2018-10-13 오전 10:20,70620,42.0,1,네이버 페이,2018-10-04,2018,10,Thursday,40,주중,2018-10-05,2018-10-13,8 days,8
33862,카드,D-20181004-0000737-01,2018-10-10 오후 12:50,2018-10-18 오전 1:26,83050,962.0,1,네이버 페이,2018-10-04,2018,10,Thursday,40,주중,2018-10-10,2018-10-18,8 days,8
33875,카드,D-20181004-0000851-01,2018-10-05 오후 6:14,2018-10-14 오전 9:11,56760,172.0,1,네이버 페이,2018-10-04,2018,10,Thursday,40,주중,2018-10-05,2018-10-14,9 days,9
33877,카드,D-20181005-0000027-01,2018-10-05 오후 6:14,2018-10-14 오전 9:22,58410,455.0,1,네이버 페이,2018-10-05,2018,10,Friday,40,주중,2018-10-05,2018-10-14,9 days,9
33884,카드,D-20181005-0000066-01,2018-10-05 오후 6:14,2018-10-14 오전 9:41,99660,1236.0,1,네이버 페이,2018-10-05,2018,10,Friday,40,주중,2018-10-05,2018-10-14,9 days,9
33980,카드,D-20181006-0000013-01,2018-10-10 오전 10:38,2018-10-18 오전 2:39,88770,478.0,1,네이버 페이,2018-10-06,2018,10,Saturday,40,주말,2018-10-10,2018-10-18,8 days,8
33999,카드,D-20181006-0000113-01,2018-10-10 오전 10:38,2018-10-20 오전 2:02,215820,1059.0,2,네이버 페이,2018-10-06,2018,10,Saturday,40,주말,2018-10-10,2018-10-20,10 days,10
34115,카드,D-20181008-0000233-01,2018-10-10 오전 10:38,2018-10-17 오후 5:46,78870,603.0,1,네이버 페이,2018-10-08,2018,10,Monday,41,주중,2018-10-10,2018-10-17,7 days,7
34184,카드,D-20181008-0000537-01,2018-10-10 오후 6:10,2018-10-20 오전 4:15,84700,1283.0,2,네이버 페이,2018-10-08,2018,10,Monday,41,주중,2018-10-10,2018-10-20,10 days,10
34214,카드,D-20181009-0000139-02,2018-10-10 오후 6:10,2018-10-19 오전 7:39,39710,1072.0,1,네이버 페이,2018-10-09,2018,10,Tuesday,41,주중,2018-10-10,2018-10-19,9 days,9
34215,카드,D-20181009-0000139-02,2018-10-10 오후 6:10,2018-10-19 오전 7:39,81350,481.0,1,네이버 페이,2018-10-09,2018,10,Tuesday,41,주중,2018-10-10,2018-10-19,9 days,9
34216,카드,D-20181009-0000139-03,2018-10-12 오전 9:00,2018-10-21 오전 2:10,120120,1082.0,1,네이버 페이,2018-10-09,2018,10,Tuesday,41,주중,2018-10-12,2018-10-21,9 days,9
34217,카드,D-20181009-0000139-02,2018-10-10 오후 6:10,2018-10-19 오전 7:39,113520,1083.0,1,네이버 페이,2018-10-09,2018,10,Tuesday,41,주중,2018-10-10,2018-10-19,9 days,9
34355,카드,D-20181010-0000333-01,2018-10-10 오후 6:10,2018-10-19 오전 10:35,101310,441.0,1,네이버 페이,2018-10-10,2018,10,Wednesday,41,주중,2018-10-10,2018-10-19,9 days,9
34449,카드,D-20181010-0000815-01,2018-10-12 오전 9:00,2018-10-20 오전 9:13,56760,447.0,1,네이버 페이,2018-10-10,2018,10,Wednesday,41,주중,2018-10-12,2018-10-20,8 days,8
34450,카드,D-20181010-0000815-02,2018-10-12 오전 9:00,2018-10-21 오전 3:32,118470,1222.0,1,네이버 페이,2018-10-10,2018,10,Wednesday,41,주중,2018-10-12,2018-10-21,9 days,9
34508,실시간계좌이체,D-20181011-0000268-01,2018-10-12 오전 9:00,2018-10-20 오전 10:22,78870,602.0,1,네이버 페이,2018-10-11,2018,10,Thursday,41,주중,2018-10-12,2018-10-20,8 days,8
34551,무통장입금,D-20181011-0000527-01,2018-10-12 오후 5:54,2018-10-21 오전 4:43,99660,1235.0,1,네이버 페이,2018-10-11,2018,10,Thursday,41,주중,2018-10-12,2018-10-21,9 days,9
34565,카드,D-20181011-0000595-01,2018-10-12 오후 5:54,2018-10-21 오전 4:59,78870,603.0,1,네이버 페이,2018-10-11,2018,10,Thursday,41,주중,2018-10-12,2018-10-21,9 days,9
34655,실시간계좌이체,D-20181012-0000253-01,2018-10-12 오후 5:54,2018-10-21 오전 7:49,56760,447.0,1,네이버 페이,2018-10-12,2018,10,Friday,41,주중,2018-10-12,2018-10-21,9 days,9
34676,실시간계좌이체,D-20181012-0000338-01,2018-10-16 오전 9:38,2018-10-24 오전 2:49,157740,603.0,2,네이버 페이,2018-10-12,2018,10,Friday,41,주중,2018-10-16,2018-10-24,8 days,8
34677,카드,D-20181004-0000629-04,2018-10-12 오후 4:49,2018-10-19 오전 1:31,22110,219.0,1,네이버 페이,2018-10-04,2018,10,Thursday,40,주중,2018-10-12,2018-10-19,7 days,7
34691,카드,D-20181013-0000022-01,2018-10-16 오전 9:38,2018-10-23 오전 12:54,41910,1205.0,1,네이버 페이,2018-10-13,2018,10,Saturday,41,주말,2018-10-16,2018-10-23,7 days,7
34733,카드,D-20181014-0000064-01,2018-10-16 오전 9:38,2018-10-24 오전 6:38,70620,42.0,1,네이버 페이,2018-10-14,2018,10,Sunday,41,주말,2018-10-16,2018-10-24,8 days,8
34761,실시간계좌이체,D-20181014-0000204-01,2018-10-16 오전 9:38,2018-10-24 오전 7:08,76400,608.0,1,네이버 페이,2018-10-14,2018,10,Sunday,41,주말,2018-10-16,2018-10-24,8 days,8
34788,카드,D-20181014-0000354-01,2018-10-16 오전 9:38,2018-10-24 오전 7:53,78870,39.0,1,네이버 페이,2018-10-14,2018,10,Sunday,41,주말,2018-10-16,2018-10-24,8 days,8
34848,카드,D-20181015-0000317-01,2018-10-16 오전 9:38,2018-10-26 오전 1:59,174240,176.0,2,네이버 페이,2018-10-15,2018,10,Monday,42,주중,2018-10-16,2018-10-26,10 days,10
34874,카드,D-20181015-0000429-01,2018-10-16 오후 6:20,2018-10-25 오전 6:31,140750,94.0,1,네이버 페이,2018-10-15,2018,10,Monday,42,주중,2018-10-16,2018-10-25,9 days,9
34877,카드,D-20181015-0000448-01,2018-10-16 오후 6:20,2018-10-25 오전 6:31,78870,603.0,1,네이버 페이,2018-10-15,2018,10,Monday,42,주중,2018-10-16,2018-10-25,9 days,9
35016,실시간계좌이체,D-20181016-0000281-01,2018-10-16 오후 6:20,2018-10-25 오전 10:03,71450,1077.0,1,네이버 페이,2018-10-16,2018,10,Tuesday,42,주중,2018-10-16,2018-10-25,9 days,9
35207,카드,D-20181017-0000604-01,2018-10-24 오전 8:58,2018-11-01 오전 1:28,129360,1217.0,1,네이버 페이,2018-10-17,2018,10,Wednesday,42,주중,2018-10-24,2018-11-01,8 days,8
35333,실시간계좌이체,D-20181018-0000557-01,2018-10-22 오전 10:26,2018-10-30 오전 1:55,83820,1124.0,1,네이버 페이,2018-10-18,2018,10,Thursday,42,주중,2018-10-22,2018-10-30,8 days,8
35339,카드,D-20181018-0000587-01,2018-10-22 오전 10:26,2018-11-19 오전 12:49,131670,74.0,1,네이버 페이,2018-10-18,2018,10,Thursday,42,주중,2018-10-22,2018-11-19,28 days,28
35365,카드,D-20181019-0000081-01,2018-10-22 오전 10:26,2018-10-30 오전 2:03,77220,379.0,1,네이버 페이,2018-10-19,2018,10,Friday,42,주중,2018-10-22,2018-10-30,8 days,8
35384,실시간계좌이체,D-20181019-0000202-01,2018-10-22 오전 10:26,2018-10-30 오전 2:06,86790,451.0,1,네이버 페이,2018-10-19,2018,10,Friday,42,주중,2018-10-22,2018-10-30,8 days,8
35418,카드,D-20181019-0000426-01,2018-10-22 오전 10:26,2018-10-30 오전 2:14,22110,219.0,1,네이버 페이,2018-10-19,2018,10,Friday,42,주중,2018-10-22,2018-10-30,8 days,8
35419,카드,D-20181019-0000426-02,2018-10-22 오전 10:26,2018-10-30 오전 2:14,51810,392.0,1,네이버 페이,2018-10-19,2018,10,Friday,42,주중,2018-10-22,2018-10-30,8 days,8
35501,카드,D-20181021-0000122-01,2018-10-22 오후 6:18,2018-10-31 오전 9:21,140750,94.0,1,네이버 페이,2018-10-21,2018,10,Sunday,42,주말,2018-10-22,2018-10-31,9 days,9
35502,카드,D-20181021-0000134-01,2018-10-22 오후 6:18,2018-10-31 오전 9:21,66500,47.0,1,네이버 페이,2018-10-21,2018,10,Sunday,42,주말,2018-10-22,2018-10-31,9 days,9
35519,카드,D-20181022-0000043-01,2018-10-22 오후 6:18,2018-10-29 오후 8:04,83050,957.0,1,네이버 페이,2018-10-22,2018,10,Monday,43,주중,2018-10-22,2018-10-29,7 days,7
35571,카드,D-20181022-0000261-01,2018-10-24 오전 8:58,2018-11-01 오전 5:55,51810,142.0,1,네이버 페이,2018-10-22,2018,10,Monday,43,주중,2018-10-24,2018-11-01,8 days,8
35583,카드,D-20181022-0000321-01,2018-10-22 오후 6:18,2018-10-31 오후 12:28,157740,603.0,2,네이버 페이,2018-10-22,2018,10,Monday,43,주중,2018-10-22,2018-10-31,9 days,9
35670,무통장입금,D-20181022-0000751-01,2018-10-24 오전 8:58,2018-11-07 오후 12:55,11660,1272.0,1,네이버 페이,2018-10-22,2018,10,Monday,43,주중,2018-10-24,2018-11-07,14 days,14
35671,무통장입금,D-20181022-0000751-02,2018-10-24 오전 8:58,2018-11-07 오후 12:55,13910,1271.0,1,네이버 페이,2018-10-22,2018,10,Monday,43,주중,2018-10-24,2018-11-07,14 days,14
35672,카드,D-20181022-0000769-01,2018-10-24 오전 8:58,2018-11-07 오후 12:55,87120,184.0,1,네이버 페이,2018-10-22,2018,10,Monday,43,주중,2018-10-24,2018-11-07,14 days,14
35685,카드,D-20181023-0000072-01,2018-10-24 오전 8:58,2018-11-07 오후 1:01,151140,1069.0,2,네이버 페이,2018-10-23,2018,10,Tuesday,43,주중,2018-10-24,2018-11-07,14 days,14
35694,카드,D-20181023-0000115-01,2018-10-24 오전 8:58,2018-11-07 오후 1:04,22110,205.0,1,네이버 페이,2018-10-23,2018,10,Tuesday,43,주중,2018-10-24,2018-11-07,14 days,14
35802,카드,D-20181023-0000659-01,2018-10-24 오전 8:58,2018-11-01 오후 7:00,75570,437.0,1,네이버 페이,2018-10-23,2018,10,Tuesday,43,주중,2018-10-24,2018-11-01,8 days,8
35804,카드,D-20181023-0000664-01,2018-10-24 오전 8:58,2018-11-01 오후 7:00,119020,88.0,1,네이버 페이,2018-10-23,2018,10,Tuesday,43,주중,2018-10-24,2018-11-01,8 days,8
35874,무통장입금,D-20181023-0001047-01,2018-10-25 오전 9:12,2018-11-07 오후 3:19,13910,1267.0,1,네이버 페이,2018-10-23,2018,10,Tuesday,43,주중,2018-10-25,2018-11-07,13 days,13
35955,실시간계좌이체,D-20181024-0000160-01,2018-10-25 오전 9:12,2018-11-07 오후 3:31,132500,92.0,1,네이버 페이,2018-10-24,2018,10,Wednesday,43,주중,2018-10-25,2018-11-07,13 days,13
35963,카드,D-20181024-0000221-01,2018-10-25 오전 9:12,2018-11-04 오전 1:59,93720,1230.0,1,네이버 페이,2018-10-24,2018,10,Wednesday,43,주중,2018-10-25,2018-11-04,10 days,10
35964,카드,D-20181024-0000236-01,2018-10-25 오전 9:12,2018-11-07 오후 3:31,93720,1230.0,1,네이버 페이,2018-10-24,2018,10,Wednesday,43,주중,2018-10-25,2018-11-07,13 days,13
35975,카드,D-20181024-0000287-01,2018-10-25 오전 9:12,2018-11-07 오후 3:30,70620,42.0,1,네이버 페이,2018-10-24,2018,10,Wednesday,43,주중,2018-10-25,2018-11-07,13 days,13
35976,실시간계좌이체,D-20181024-0000299-01,2018-10-25 오전 9:12,2018-11-07 오후 3:30,27820,1267.0,2,네이버 페이,2018-10-24,2018,10,Wednesday,43,주중,2018-10-25,2018-11-07,13 days,13
36082,카드,D-20181024-0000843-01,2018-10-25 오후 5:58,2018-11-04 오전 2:07,11660,1268.0,1,네이버 페이,2018-10-24,2018,10,Wednesday,43,주중,2018-10-25,2018-11-04,10 days,10
36255,카드,D-20181025-0000709-01,2018-10-29 오전 9:00,2018-11-06 오전 2:03,88770,478.0,1,네이버 페이,2018-10-25,2018,10,Thursday,43,주중,2018-10-29,2018-11-06,8 days,8
36269,"무통장입금,휴대폰",D-20181025-0000777-01,2018-10-29 오전 8:58,2018-11-22 오전 5:32,93720,1230.0,1,모바일웹,2018-10-25,2018,10,Thursday,43,주중,2018-10-29,2018-11-22,24 days,24
36270,"무통장입금,휴대폰",D-20181025-0000777-02,2018-10-29 오전 8:58,2018-11-22 오전 5:32,11660,1268.0,1,모바일웹,2018-10-25,2018,10,Thursday,43,주중,2018-10-29,2018-11-22,24 days,24
36271,"무통장입금,휴대폰",D-20181025-0000777-03,2018-10-29 오전 8:58,2018-11-22 오전 5:32,16150,1266.0,1,모바일웹,2018-10-25,2018,10,Thursday,43,주중,2018-10-29,2018-11-22,24 days,24
36272,"무통장입금,휴대폰",D-20181025-0000777-00,2018-10-29 오전 8:58,2018-11-22 오전 5:32,0,1238.0,1,모바일웹,2018-10-25,2018,10,Thursday,43,주중,2018-10-29,2018-11-22,24 days,24
36275,무통장입금,D-20181025-0000799-01,2018-10-29 오전 9:00,2018-11-06 오전 1:38,56760,445.0,1,네이버 페이,2018-10-25,2018,10,Thursday,43,주중,2018-10-29,2018-11-06,8 days,8
36318,무통장입금,D-20181026-0000031-02,2018-10-29 오전 9:00,2018-11-06 오전 2:22,78870,603.0,1,네이버 페이,2018-10-26,2018,10,Friday,43,주중,2018-10-29,2018-11-06,8 days,8
36319,무통장입금,D-20181026-0000031-02,2018-10-29 오후 6:42,2018-11-07 오전 1:47,120780,1224.0,1,네이버 페이,2018-10-26,2018,10,Friday,43,주중,2018-10-29,2018-11-07,9 days,9
36320,무통장입금,D-20181026-0000031-02,2018-10-29 오전 9:00,2018-11-06 오전 2:22,118470,1222.0,1,네이버 페이,2018-10-26,2018,10,Friday,43,주중,2018-10-29,2018-11-06,8 days,8
36321,무통장입금,D-20181026-0000031-04,2018-10-29 오후 6:42,2018-11-07 오전 1:47,118140,1226.0,1,네이버 페이,2018-10-26,2018,10,Friday,43,주중,2018-10-29,2018-11-07,9 days,9
36322,무통장입금,D-20181026-0000031-05,2018-10-29 오후 6:42,2018-11-07 오전 1:47,87120,1234.0,1,네이버 페이,2018-10-26,2018,10,Friday,43,주중,2018-10-29,2018-11-07,9 days,9
36323,무통장입금,D-20181026-0000031-02,2018-10-29 오전 9:00,2018-11-06 오전 2:22,99660,1236.0,1,네이버 페이,2018-10-26,2018,10,Friday,43,주중,2018-10-29,2018-11-06,8 days,8
36469,카드,D-20181027-0000098-01,2018-10-29 오후 5:42,2018-11-07 오전 3:56,78870,603.0,1,네이버 페이,2018-10-27,2018,10,Saturday,43,주말,2018-10-29,2018-11-07,9 days,9
36470,실시간계좌이체,D-20181027-0000102-01,2018-10-29 오후 5:42,2018-11-07 오후 5:33,75570,437.0,1,네이버 페이,2018-10-27,2018,10,Saturday,43,주말,2018-10-29,2018-11-07,9 days,9
36528,카드,D-20181028-0000207-01,2018-10-29 오후 5:42,2018-11-07 오후 5:41,78870,1070.0,1,네이버 페이,2018-10-28,2018,10,Sunday,43,주말,2018-10-29,2018-11-07,9 days,9
36541,실시간계좌이체,D-20181028-0000256-01,2018-10-29 오후 5:42,2018-11-07 오전 6:23,16150,1270.0,1,네이버 페이,2018-10-28,2018,10,Sunday,43,주말,2018-10-29,2018-11-07,9 days,9
36560,무통장입금,D-20181029-0000115-01,2018-10-29 오후 6:42,2018-11-07 오전 7:42,93720,1230.0,1,네이버 페이,2018-10-29,2018,10,Monday,44,주중,2018-10-29,2018-11-07,9 days,9
36561,카드,D-20181029-0000122-01,2018-10-29 오후 5:42,2018-11-07 오전 7:42,83050,959.0,1,네이버 페이,2018-10-29,2018,10,Monday,44,주중,2018-10-29,2018-11-07,9 days,9
36636,무통장입금,D-20181029-0000425-01,2018-10-29 오후 5:42,2018-11-07 오전 6:45,83050,966.0,1,네이버 페이,2018-10-29,2018,10,Monday,44,주중,2018-10-29,2018-11-07,9 days,9
36656,무통장입금,D-20181029-0000545-01,2018-10-29 오후 5:42,2018-11-07 오전 5:04,71450,1077.0,1,네이버 페이,2018-10-29,2018,10,Monday,44,주중,2018-10-29,2018-11-07,9 days,9
36666,카드,D-20181029-0000612-01,2018-10-29 오후 5:42,2018-11-08 오전 7:11,22110,219.0,1,네이버 페이,2018-10-29,2018,10,Monday,44,주중,2018-10-29,2018-11-08,10 days,10
36667,카드,D-20181029-0000612-02,2018-10-29 오후 5:42,2018-11-08 오전 7:11,51810,392.0,1,네이버 페이,2018-10-29,2018,10,Monday,44,주중,2018-10-29,2018-11-08,10 days,10
36723,카드,D-20181029-0000925-01,2018-10-30 오후 6:38,2018-11-06 오후 4:08,68970,1091.0,1,네이버 페이,2018-10-29,2018,10,Monday,44,주중,2018-10-30,2018-11-06,7 days,7
36727,카드,D-20181029-0000940-01,2018-10-30 오후 6:38,2018-11-06 오후 3:02,66500,47.0,1,네이버 페이,2018-10-29,2018,10,Monday,44,주중,2018-10-30,2018-11-06,7 days,7
36741,카드,D-20181029-0001021-01,2018-10-30 오후 6:38,2018-11-10 오전 1:41,227040,447.0,4,네이버 페이,2018-10-29,2018,10,Monday,44,주중,2018-10-30,2018-11-10,11 days,11
36747,카드,D-20181029-0001059-01,2018-10-30 오후 6:38,2018-11-09 오전 2:28,76400,608.0,1,네이버 페이,2018-10-29,2018,10,Monday,44,주중,2018-10-30,2018-11-09,10 days,10
36853,카드,D-20181030-0000601-01,2018-10-30 오후 6:38,2018-11-07 오전 11:48,132500,92.0,1,네이버 페이,2018-10-30,2018,10,Tuesday,44,주중,2018-10-30,2018-11-07,8 days,8
36912,카드,D-20181030-0000884-01,2018-11-01 오후 4:18,2018-11-10 오전 2:20,87120,186.0,1,네이버 페이,2018-10-30,2018,10,Tuesday,44,주중,2018-11-01,2018-11-10,9 days,9
36915,카드,D-20181024-0000671-03,2018-10-30 오후 11:43,2018-11-06 오후 3:37,162360,1085.0,3,네이버 페이,2018-10-24,2018,10,Wednesday,43,주중,2018-10-30,2018-11-06,7 days,7
36918,카드,D-20181031-0000020-01,2018-11-01 오후 4:18,2018-11-09 오전 5:53,56760,172.0,1,네이버 페이,2018-10-31,2018,10,Wednesday,44,주중,2018-11-01,2018-11-09,8 days,8
36959,카드,D-20181031-0000258-01,2018-11-01 오후 4:18,2018-11-10 오전 3:08,146520,1127.0,1,네이버 페이,2018-10-31,2018,10,Wednesday,44,주중,2018-11-01,2018-11-10,9 days,9
36966,카드,D-20181031-0000299-01,2018-11-01 오후 4:18,2018-11-09 오전 6:55,119020,88.0,1,네이버 페이,2018-10-31,2018,10,Wednesday,44,주중,2018-11-01,2018-11-09,8 days,8
36974,카드,D-20181031-0000338-01,2018-11-01 오후 4:18,2018-11-09 오전 7:07,86790,449.0,1,네이버 페이,2018-10-31,2018,10,Wednesday,44,주중,2018-11-01,2018-11-09,8 days,8
37012,무통장입금,D-20181031-0000646-01,2018-11-01 오후 6:28,2018-11-10 오전 4:06,58410,455.0,1,네이버 페이,2018-10-31,2018,10,Wednesday,44,주중,2018-11-01,2018-11-10,9 days,9
37158,카드,D-20181101-0000376-01,2018-11-01 오후 6:28,2018-11-10 오전 6:28,87120,188.0,1,네이버 페이,2018-11-01,2018,11,Thursday,44,주중,2018-11-01,2018-11-10,9 days,9
37159,카드,D-20181101-0000376-02,2018-11-01 오후 6:28,2018-11-10 오전 6:28,56760,447.0,1,네이버 페이,2018-11-01,2018,11,Thursday,44,주중,2018-11-01,2018-11-10,9 days,9
37160,카드,D-20181101-0000376-03,2018-11-01 오후 6:28,2018-11-11 오전 2:51,99660,1235.0,1,네이버 페이,2018-11-01,2018,11,Thursday,44,주중,2018-11-01,2018-11-11,10 days,10
37253,카드,D-20181101-0000751-01,2018-11-02 오후 6:22,2018-11-09 오후 1:49,22110,217.0,1,네이버 페이,2018-11-01,2018,11,Thursday,44,주중,2018-11-02,2018-11-09,7 days,7
37254,카드,D-20181101-0000751-02,2018-11-02 오후 6:22,2018-11-09 오후 1:49,61710,393.0,1,네이버 페이,2018-11-01,2018,11,Thursday,44,주중,2018-11-02,2018-11-09,7 days,7
37257,카드,D-20181101-0000774-01,2018-11-02 오후 6:22,2018-11-09 오후 10:18,86790,450.0,1,네이버 페이,2018-11-01,2018,11,Thursday,44,주중,2018-11-02,2018-11-09,7 days,7
37270,카드,D-20181101-0000837-01,2018-11-02 오후 6:22,2018-11-09 오후 10:18,75570,1069.0,1,네이버 페이,2018-11-01,2018,11,Thursday,44,주중,2018-11-02,2018-11-09,7 days,7
37291,무통장입금,D-20181102-0000083-01,2018-11-05 오후 6:15,2018-11-13 오전 5:32,98010,1036.0,1,PC쇼핑몰,2018-11-02,2018,11,Friday,44,주중,2018-11-05,2018-11-13,8 days,8
37340,카드,D-20181102-0000353-01,2018-11-06 오후 6:46,2018-11-15 오전 1:58,202620,1194.0,1,네이버 페이,2018-11-02,2018,11,Friday,44,주중,2018-11-06,2018-11-15,9 days,9
37357,카드,D-20181102-0000428-01,2018-11-05 오후 6:16,2018-11-15 오전 2:08,78870,603.0,1,네이버 페이,2018-11-02,2018,11,Friday,44,주중,2018-11-05,2018-11-15,10 days,10
37361,카드,D-20181102-0000448-01,2018-11-05 오후 6:16,2018-11-15 오전 2:08,99660,1235.0,1,네이버 페이,2018-11-02,2018,11,Friday,44,주중,2018-11-05,2018-11-15,10 days,10
37362,카드,D-20181102-0000459-01,2018-11-05 오후 6:16,2018-11-14 오전 3:14,132500,92.0,1,네이버 페이,2018-11-02,2018,11,Friday,44,주중,2018-11-05,2018-11-14,9 days,9
37366,휴대폰,D-20181102-0000476-01,2018-11-05 오후 6:16,2018-11-15 오전 2:18,71450,1077.0,1,네이버 페이,2018-11-02,2018,11,Friday,44,주중,2018-11-05,2018-11-15,10 days,10
37407,카드,D-20181103-0000147-01,2018-11-05 오후 6:16,2018-11-14 오전 5:13,72270,378.0,1,네이버 페이,2018-11-03,2018,11,Saturday,44,주말,2018-11-05,2018-11-14,9 days,9
37433,휴대폰,D-20181104-0000174-01,2018-11-05 오후 6:16,2018-11-14 오전 6:39,10170,1204.0,1,네이버 페이,2018-11-04,2018,11,Sunday,44,주말,2018-11-05,2018-11-14,9 days,9
37434,휴대폰,D-20181104-0000174-02,2018-11-05 오후 6:16,2018-11-14 오전 6:39,83820,1124.0,1,네이버 페이,2018-11-04,2018,11,Sunday,44,주말,2018-11-05,2018-11-14,9 days,9
37461,카드,D-20181105-0000188-01,2018-11-05 오후 6:16,2018-11-14 오전 4:05,108570,1121.0,1,네이버 페이,2018-11-05,2018,11,Monday,45,주중,2018-11-05,2018-11-14,9 days,9
37474,카드,D-20181105-0000270-01,2018-11-05 오후 6:16,2018-11-15 오전 6:30,70620,42.0,1,네이버 페이,2018-11-05,2018,11,Monday,45,주중,2018-11-05,2018-11-15,10 days,10
37484,카드,D-20181105-0000357-01,2018-11-05 오후 6:16,2018-11-16 오전 2:50,140750,96.0,1,네이버 페이,2018-11-05,2018,11,Monday,45,주중,2018-11-05,2018-11-16,11 days,11
37564,카드,D-20181105-0000684-01,2018-11-05 오후 6:16,2018-11-15 오전 6:53,58410,455.0,1,네이버 페이,2018-11-05,2018,11,Monday,45,주중,2018-11-05,2018-11-15,10 days,10
37565,휴대폰,D-20181105-0000693-01,2018-11-05 오후 6:16,2018-11-14 오전 8:24,76400,608.0,1,네이버 페이,2018-11-05,2018,11,Monday,45,주중,2018-11-05,2018-11-14,9 days,9
37566,카드,D-20181105-0000709-01,2018-11-06 오후 6:46,2018-11-15 오전 1:37,92070,1231.0,1,네이버 페이,2018-11-05,2018,11,Monday,45,주중,2018-11-06,2018-11-15,9 days,9
37567,실시간계좌이체,D-20181105-0000718-01,2018-11-05 오후 6:16,2018-11-14 오전 8:24,41910,1205.0,1,네이버 페이,2018-11-05,2018,11,Monday,45,주중,2018-11-05,2018-11-14,9 days,9
37776,카드,D-20181106-0000642-01,2018-11-08 오전 10:08,2018-11-16 오전 6:16,38390,140.0,1,네이버 페이,2018-11-06,2018,11,Tuesday,45,주중,2018-11-08,2018-11-16,8 days,8
37798,카드,D-20181106-0000740-01,2018-11-08 오전 10:08,2018-11-16 오전 6:28,87120,1234.0,1,네이버 페이,2018-11-06,2018,11,Tuesday,45,주중,2018-11-08,2018-11-16,8 days,8
37817,카드,D-20181107-0000036-01,2018-11-08 오전 10:08,2018-11-16 오전 7:55,124250,90.0,1,네이버 페이,2018-11-07,2018,11,Wednesday,45,주중,2018-11-08,2018-11-16,8 days,8
37818,카드,D-20181107-0000036-02,2018-11-08 오전 10:08,2018-11-16 오전 7:55,119020,88.0,1,네이버 페이,2018-11-07,2018,11,Wednesday,45,주중,2018-11-08,2018-11-16,8 days,8
37923,무통장입금,D-20181107-0000538-01,2018-11-08 오전 10:08,2018-11-16 오전 7:42,146520,1126.0,1,네이버 페이,2018-11-07,2018,11,Wednesday,45,주중,2018-11-08,2018-11-16,8 days,8
37965,카드,D-20181107-0000752-01,2018-11-09 오전 9:02,2018-11-18 오전 2:45,78870,602.0,1,네이버 페이,2018-11-07,2018,11,Wednesday,45,주중,2018-11-09,2018-11-18,9 days,9
37966,실시간계좌이체,D-20181107-0000771-01,2018-11-09 오전 9:02,2018-11-17 오전 2:01,70620,42.0,1,네이버 페이,2018-11-07,2018,11,Wednesday,45,주중,2018-11-09,2018-11-17,8 days,8
37971,카드,D-20181108-0000011-01,2018-11-09 오후 7:04,2018-11-18 오전 3:27,14660,1202.0,1,네이버 페이,2018-11-08,2018,11,Thursday,45,주중,2018-11-09,2018-11-18,9 days,9
37993,카드,D-20181108-0000115-01,2018-11-09 오전 9:02,2018-11-18 오전 3:44,58410,455.0,1,네이버 페이,2018-11-08,2018,11,Thursday,45,주중,2018-11-09,2018-11-18,9 days,9
38210,카드,D-20181108-0001063-01,2018-11-09 오후 7:04,2018-11-18 오전 5:45,22110,219.0,1,네이버 페이,2018-11-08,2018,11,Thursday,45,주중,2018-11-09,2018-11-18,9 days,9
38211,카드,D-20181108-0001063-02,2018-11-09 오후 7:04,2018-11-18 오전 5:45,51810,392.0,1,네이버 페이,2018-11-08,2018,11,Thursday,45,주중,2018-11-09,2018-11-18,9 days,9
38212,카드,D-20181108-0001075-01,2018-11-09 오후 7:04,2018-11-18 오전 5:45,22110,219.0,1,네이버 페이,2018-11-08,2018,11,Thursday,45,주중,2018-11-09,2018-11-18,9 days,9
38213,카드,D-20181108-0001075-02,2018-11-09 오후 7:04,2018-11-18 오전 5:45,51810,392.0,1,네이버 페이,2018-11-08,2018,11,Thursday,45,주중,2018-11-09,2018-11-18,9 days,9
38214,카드,D-20181108-0001085-01,2018-11-09 오후 7:04,2018-11-18 오전 5:45,80750,1266.0,5,네이버 페이,2018-11-08,2018,11,Thursday,45,주중,2018-11-09,2018-11-18,9 days,9
38215,카드,D-20181108-0001096-01,2018-11-09 오후 7:04,2018-11-18 오전 5:45,42350,1283.0,1,네이버 페이,2018-11-08,2018,11,Thursday,45,주중,2018-11-09,2018-11-18,9 days,9
38222,실시간계좌이체,D-20181109-0000083-01,2018-11-09 오후 7:04,2018-11-20 오전 2:08,92950,939.0,1,네이버 페이,2018-11-09,2018,11,Friday,45,주중,2018-11-09,2018-11-20,11 days,11
38302,무통장입금,D-20181109-0000471-01,2018-11-09 오후 7:04,2018-11-18 오전 7:00,93720,1230.0,1,네이버 페이,2018-11-09,2018,11,Friday,45,주중,2018-11-09,2018-11-18,9 days,9
38379,카드,D-20181110-0000212-01,2018-11-13 오전 9:18,2018-11-21 오후 5:20,76400,608.0,1,네이버 페이,2018-11-10,2018,11,Saturday,45,주말,2018-11-13,2018-11-21,8 days,8
38410,카드,D-20181111-0000059-01,2018-11-13 오전 9:18,2018-11-21 오전 5:49,73920,43.0,1,네이버 페이,2018-11-11,2018,11,Sunday,45,주말,2018-11-13,2018-11-21,8 days,8
38419,카드,D-20181111-0000100-01,2018-11-13 오전 9:18,2018-11-23 오전 2:15,56760,447.0,1,네이버 페이,2018-11-11,2018,11,Sunday,45,주말,2018-11-13,2018-11-23,10 days,10
38442,카드,D-20181111-0000233-01,2018-11-13 오전 9:18,2018-11-20 오후 3:02,78870,603.0,1,네이버 페이,2018-11-11,2018,11,Sunday,45,주말,2018-11-13,2018-11-20,7 days,7
38444,카드,D-20181111-0000251-01,2018-11-13 오전 9:18,2018-11-22 오전 5:10,72270,378.0,1,네이버 페이,2018-11-11,2018,11,Sunday,45,주말,2018-11-13,2018-11-22,9 days,9
38449,카드,D-20181111-0000279-01,2018-11-13 오전 9:18,2018-11-22 오전 5:10,72270,378.0,1,네이버 페이,2018-11-11,2018,11,Sunday,45,주말,2018-11-13,2018-11-22,9 days,9
38460,카드,D-20181112-0000038-01,2018-11-13 오전 9:18,2018-11-22 오전 5:49,66500,47.0,1,네이버 페이,2018-11-12,2018,11,Monday,46,주중,2018-11-13,2018-11-22,9 days,9
38560,실시간계좌이체,D-20181112-0000564-01,2018-11-13 오전 9:18,2018-11-21 오전 8:11,140750,94.0,1,네이버 페이,2018-11-12,2018,11,Monday,46,주중,2018-11-13,2018-11-21,8 days,8
38587,무통장입금,D-20181112-0000684-01,2018-11-13 오전 9:18,2018-11-21 오전 8:08,192720,49.0,1,네이버 페이,2018-11-12,2018,11,Monday,46,주중,2018-11-13,2018-11-21,8 days,8
38602,카드,D-20181112-0000756-01,2018-11-13 오전 9:18,2018-11-21 오전 8:20,77220,379.0,1,네이버 페이,2018-11-12,2018,11,Monday,46,주중,2018-11-13,2018-11-21,8 days,8
38625,카드,D-20181112-0000849-01,2018-11-13 오후 6:02,2018-11-21 오후 10:48,119020,88.0,1,네이버 페이,2018-11-12,2018,11,Monday,46,주중,2018-11-13,2018-11-21,8 days,8
38659,카드,D-20181112-0001031-01,2018-11-13 오후 6:02,2018-11-23 오전 3:50,92070,381.0,1,네이버 페이,2018-11-12,2018,11,Monday,46,주중,2018-11-13,2018-11-23,10 days,10
38660,카드,D-20181112-0001041-01,2018-11-13 오후 6:02,2018-11-23 오전 3:50,108570,382.0,1,네이버 페이,2018-11-12,2018,11,Monday,46,주중,2018-11-13,2018-11-23,10 days,10
38672,카드,D-20181112-0001121-01,2018-11-13 오후 6:02,2018-11-23 오전 4:05,78870,603.0,1,네이버 페이,2018-11-12,2018,11,Monday,46,주중,2018-11-13,2018-11-23,10 days,10
38718,무통장입금,D-20181113-0000137-01,2018-11-13 오후 6:02,2018-11-23 오전 4:54,77220,379.0,1,네이버 페이,2018-11-13,2018,11,Tuesday,46,주중,2018-11-13,2018-11-23,10 days,10
38719,무통장입금,D-20181113-0000137-02,2018-11-13 오후 6:02,2018-11-22 오전 8:26,78870,602.0,1,네이버 페이,2018-11-13,2018,11,Tuesday,46,주중,2018-11-13,2018-11-22,9 days,9
38900,실시간계좌이체,D-20181114-0000224-01,2018-11-15 오후 1:24,2018-11-23 오전 8:23,86790,451.0,1,네이버 페이,2018-11-14,2018,11,Wednesday,46,주중,2018-11-15,2018-11-23,8 days,8
38927,카드,D-20181114-0000340-01,2018-11-15 오후 1:24,2018-11-23 오전 8:34,41910,1205.0,1,네이버 페이,2018-11-14,2018,11,Wednesday,46,주중,2018-11-15,2018-11-23,8 days,8
38928,카드,D-20181114-0000340-02,2018-11-15 오후 1:24,2018-11-23 오전 8:34,38320,1297.0,1,네이버 페이,2018-11-14,2018,11,Wednesday,46,주중,2018-11-15,2018-11-23,8 days,8
38929,카드,D-20181114-0000340-03,2018-11-15 오후 1:24,2018-11-23 오전 8:34,82170,1071.0,1,네이버 페이,2018-11-14,2018,11,Wednesday,46,주중,2018-11-15,2018-11-23,8 days,8
38989,카드,D-20181114-0000723-01,2018-11-16 오전 9:12,2018-11-25 오전 2:18,84700,1283.0,2,네이버 페이,2018-11-14,2018,11,Wednesday,46,주중,2018-11-16,2018-11-25,9 days,9
38994,휴대폰,D-20181115-0000016-01,2018-11-16 오전 9:12,2018-11-24 오전 5:35,87120,186.0,1,네이버 페이,2018-11-15,2018,11,Thursday,46,주중,2018-11-16,2018-11-24,8 days,8
38995,휴대폰,D-20181115-0000016-02,2018-11-16 오전 9:12,2018-11-24 오전 5:35,87120,190.0,1,네이버 페이,2018-11-15,2018,11,Thursday,46,주중,2018-11-16,2018-11-24,8 days,8
39064,실시간계좌이체,D-20181115-0000426-01,2018-11-16 오전 9:12,2018-11-24 오전 6:51,78870,602.0,1,네이버 페이,2018-11-15,2018,11,Thursday,46,주중,2018-11-16,2018-11-24,8 days,8
39080,카드,D-20181115-0000542-01,2018-11-16 오전 9:12,2018-11-25 오전 3:02,66330,217.0,3,네이버 페이,2018-11-15,2018,11,Thursday,46,주중,2018-11-16,2018-11-25,9 days,9
39086,무통장입금,D-20181115-0000587-01,2018-11-16 오전 9:12,2018-11-24 오전 6:58,79090,957.0,1,네이버 페이,2018-11-15,2018,11,Thursday,46,주중,2018-11-16,2018-11-24,8 days,8
39134,카드,D-20181116-0000059-01,2018-11-17 오후 6:58,2018-11-26 오전 12:58,78870,39.0,1,네이버 페이,2018-11-16,2018,11,Friday,46,주중,2018-11-17,2018-11-26,9 days,9
39236,카드,D-20181116-0000638-01,2018-11-20 오후 6:26,2018-11-28 오전 1:53,56760,172.0,1,네이버 페이,2018-11-16,2018,11,Friday,46,주중,2018-11-20,2018-11-28,8 days,8
39265,카드,D-20181117-0000163-01,2018-11-19 오후 6:10,2018-11-29 오전 3:37,103620,48.0,1,네이버 페이,2018-11-17,2018,11,Saturday,46,주말,2018-11-19,2018-11-29,10 days,10
39274,카드,D-20181118-0000019-01,2018-11-19 오후 6:10,2018-11-28 오전 4:59,108570,1121.0,1,네이버 페이,2018-11-18,2018,11,Sunday,46,주말,2018-11-19,2018-11-28,9 days,9
39469,카드,D-20181119-0000706-01,2018-11-19 오후 6:10,2018-11-28 오전 8:19,152800,608.0,2,네이버 페이,2018-11-19,2018,11,Monday,47,주중,2018-11-19,2018-11-28,9 days,9
39549,카드,D-20181119-0001145-01,2018-11-20 오후 6:26,2018-11-29 오전 9:08,41580,1327.0,1,네이버 페이,2018-11-19,2018,11,Monday,47,주중,2018-11-20,2018-11-29,9 days,9
39564,무통장입금,D-20181101-0000792-03,2018-11-06 오후 4:01,2018-11-20 오전 11:28,87120,1234.0,1,네이버 페이,2018-11-01,2018,11,Thursday,44,주중,2018-11-06,2018-11-20,14 days,14
39694,카드,D-20181120-0000745-01,2018-11-21 오전 11:30,2018-11-30 오전 6:11,58410,455.0,1,네이버 페이,2018-11-20,2018,11,Tuesday,47,주중,2018-11-21,2018-11-30,9 days,9
39898,카드,D-20181122-0000051-01,2018-11-22 오후 5:56,2018-11-29 오후 5:08,16150,1270.0,1,네이버 페이,2018-11-22,2018,11,Thursday,47,주중,2018-11-22,2018-11-29,7 days,7
40021,카드,D-20181122-0000708-01,2018-11-23 오후 4:17,2018-12-02 오전 3:20,42350,1283.0,1,네이버 페이,2018-11-22,2018,11,Thursday,47,주중,2018-11-23,2018-12-02,9 days,9
40025,카드,D-20181122-0000723-01,2018-11-26 오전 9:54,2018-12-04 오전 1:57,58410,455.0,1,네이버 페이,2018-11-22,2018,11,Thursday,47,주중,2018-11-26,2018-12-04,8 days,8
40038,카드,D-20181123-0000056-01,2018-11-26 오전 9:54,2018-12-04 오전 2:12,86790,451.0,1,네이버 페이,2018-11-23,2018,11,Friday,47,주중,2018-11-26,2018-12-04,8 days,8
40089,휴대폰,D-20181123-0000278-01,2018-11-26 오전 9:54,2018-12-04 오전 2:32,98010,1036.0,1,네이버 페이,2018-11-23,2018,11,Friday,47,주중,2018-11-26,2018-12-04,8 days,8
40157,카드,D-20181123-0000596-01,2018-11-26 오후 5:56,2018-12-06 오전 1:52,66500,47.0,1,네이버 페이,2018-11-23,2018,11,Friday,47,주중,2018-11-26,2018-12-06,10 days,10
40197,카드,D-20181124-0000174-01,2018-11-26 오후 5:56,2018-12-07 오전 2:07,78870,603.0,1,네이버 페이,2018-11-24,2018,11,Saturday,47,주말,2018-11-26,2018-12-07,11 days,11
40285,무통장입금,D-20181126-0000247-01,2018-11-26 오후 5:56,2018-12-03 오전 10:46,78870,603.0,1,네이버 페이,2018-11-26,2018,11,Monday,48,주중,2018-11-26,2018-12-03,7 days,7
40315,카드,D-20181126-0000386-01,2018-11-26 오후 5:56,2018-12-06 오전 6:25,56760,447.0,1,네이버 페이,2018-11-26,2018,11,Monday,48,주중,2018-11-26,2018-12-06,10 days,10
40376,무통장입금,D-20181126-0000689-01,2018-11-26 오후 5:56,2018-12-05 오전 7:49,157740,44.0,2,네이버 페이,2018-11-26,2018,11,Monday,48,주중,2018-11-26,2018-12-05,9 days,9
40414,카드,D-20181126-0000956-01,2018-11-27 오후 9:12,2018-12-07 오전 2:52,140750,94.0,1,네이버 페이,2018-11-26,2018,11,Monday,48,주중,2018-11-27,2018-12-07,10 days,10
40415,카드,D-20181126-0000967-01,2018-11-27 오후 9:12,2018-12-07 오전 2:52,76400,608.0,1,네이버 페이,2018-11-26,2018,11,Monday,48,주중,2018-11-27,2018-12-07,10 days,10
40421,카드,D-20181126-0000992-01,2018-11-27 오후 9:12,2018-12-07 오전 3:16,103620,1169.0,1,네이버 페이,2018-11-26,2018,11,Monday,48,주중,2018-11-27,2018-12-07,10 days,10
40718,카드,D-20181128-0000573-01,2018-11-29 오후 6:21,2018-12-08 오전 3:49,132330,1216.0,1,네이버 페이,2018-11-28,2018,11,Wednesday,48,주중,2018-11-29,2018-12-08,9 days,9
40789,실시간계좌이체,D-20181129-0000249-01,2018-11-29 오후 6:18,2018-12-06 오후 6:26,140750,94.0,1,네이버 페이,2018-11-29,2018,11,Thursday,48,주중,2018-11-29,2018-12-06,7 days,7
40839,무통장입금,D-20181129-0000485-01,2018-11-30 오후 6:16,2018-12-07 오전 12:49,99660,1235.0,1,네이버 페이,2018-11-29,2018,11,Thursday,48,주중,2018-11-30,2018-12-07,7 days,7
40851,카드,D-20181129-0000533-01,2018-11-30 오후 6:16,2018-12-09 오전 2:41,51810,248.0,1,네이버 페이,2018-11-29,2018,11,Thursday,48,주중,2018-11-30,2018-12-09,9 days,9
40853,카드,D-20181129-0000555-01,2018-11-30 오후 6:16,2018-12-09 오전 2:46,78870,603.0,1,네이버 페이,2018-11-29,2018,11,Thursday,48,주중,2018-11-30,2018-12-09,9 days,9
40855,카드,D-20181129-0000587-01,2018-11-30 오후 6:16,2018-12-28 오전 1:05,131450,591.0,1,네이버 페이,2018-11-29,2018,11,Thursday,48,주중,2018-11-30,2018-12-28,28 days,28
40882,카드,D-20181129-0000712-01,2018-11-30 오후 6:16,2018-12-09 오전 3:43,124250,90.0,1,네이버 페이,2018-11-29,2018,11,Thursday,48,주중,2018-11-30,2018-12-09,9 days,9
40971,카드,D-20181130-0000482-01,2018-11-30 오후 6:16,2018-12-09 오전 5:03,87120,188.0,1,네이버 페이,2018-11-30,2018,11,Friday,48,주중,2018-11-30,2018-12-09,9 days,9
40985,카드,D-20181130-0000547-01,2018-11-30 오후 6:16,2018-12-11 오전 1:53,157740,603.0,2,네이버 페이,2018-11-30,2018,11,Friday,48,주중,2018-11-30,2018-12-11,11 days,11
41122,카드,D-20181202-0000126-01,2018-12-03 오후 6:50,2018-12-10 오전 12:24,70620,42.0,1,네이버 페이,2018-12-02,2018,12,Sunday,48,주말,2018-12-03,2018-12-10,7 days,7
41132,카드,D-20181202-0000196-01,2018-12-04 오전 8:38,2018-12-12 오전 6:36,51810,142.0,1,네이버 페이,2018-12-02,2018,12,Sunday,48,주말,2018-12-04,2018-12-12,8 days,8
41142,카드,D-20181202-0000276-01,2018-12-03 오후 6:50,2018-12-12 오전 6:53,72270,378.0,1,네이버 페이,2018-12-02,2018,12,Sunday,48,주말,2018-12-03,2018-12-12,9 days,9
41178,무통장입금,D-20181203-0000134-01,2018-12-03 오후 6:50,2018-12-11 오후 3:13,78870,603.0,1,네이버 페이,2018-12-03,2018,12,Monday,49,주중,2018-12-03,2018-12-11,8 days,8
41305,카드,D-20181203-0000704-01,2018-12-04 오후 8:42,2018-12-13 오전 8:23,70620,42.0,1,네이버 페이,2018-12-03,2018,12,Monday,49,주중,2018-12-04,2018-12-13,9 days,9
41319,무통장입금,D-20181204-0000048-01,2018-12-04 오후 8:42,2019-01-01 오전 12:57,133320,40.0,1,네이버 페이,2018-12-04,2018,12,Tuesday,49,주중,2018-12-04,2019-01-01,28 days,28
41371,무통장입금,D-20181204-0000277-01,2018-12-04 오후 8:42,2018-12-14 오전 2:32,138270,41.0,1,네이버 페이,2018-12-04,2018,12,Tuesday,49,주중,2018-12-04,2018-12-14,10 days,10
41454,실시간계좌이체,D-20181204-0000695-01,2018-12-04 오후 8:42,2018-12-13 오전 10:41,56760,447.0,1,네이버 페이,2018-12-04,2018,12,Tuesday,49,주중,2018-12-04,2018-12-13,9 days,9
41460,실시간계좌이체,D-20181204-0000735-01,2018-12-04 오후 8:42,2018-12-13 오전 10:47,58410,455.0,1,네이버 페이,2018-12-04,2018,12,Tuesday,49,주중,2018-12-04,2018-12-13,9 days,9
41478,카드,D-20181204-0000815-01,2018-12-06 오전 9:04,2018-12-21 오전 1:11,63360,395.0,1,네이버 페이,2018-12-04,2018,12,Tuesday,49,주중,2018-12-06,2018-12-21,15 days,15
41485,카드,D-20181204-0000851-01,2018-12-06 오전 9:04,2018-12-21 오전 1:11,63360,395.0,1,네이버 페이,2018-12-04,2018,12,Tuesday,49,주중,2018-12-06,2018-12-21,15 days,15
41638,카드,D-20181205-0000597-01,2018-12-06 오전 9:04,2018-12-13 오후 1:51,132500,92.0,1,네이버 페이,2018-12-05,2018,12,Wednesday,49,주중,2018-12-06,2018-12-13,7 days,7
41673,무통장입금,D-20181205-0000733-01,2018-12-06 오후 7:44,2018-12-16 오전 2:32,58410,455.0,1,네이버 페이,2018-12-05,2018,12,Wednesday,49,주중,2018-12-06,2018-12-16,10 days,10
41743,카드,D-20181206-0000237-01,2018-12-06 오후 7:44,2018-12-15 오전 7:01,140750,94.0,1,네이버 페이,2018-12-06,2018,12,Thursday,49,주중,2018-12-06,2018-12-15,9 days,9
41786,카드,D-20181206-0000465-01,2018-12-06 오후 7:44,2018-12-15 오전 12:36,50400,207.0,2,네이버 페이,2018-12-06,2018,12,Thursday,49,주중,2018-12-06,2018-12-15,9 days,9
41787,카드,D-20181206-0000473-01,2018-12-06 오후 7:44,2018-12-15 오전 7:34,39710,1072.0,1,네이버 페이,2018-12-06,2018,12,Thursday,49,주중,2018-12-06,2018-12-15,9 days,9
41837,카드,D-20181207-0000045-01,2018-12-07 오후 6:28,2018-12-16 오전 5:37,253880,1373.0,4,네이버 페이,2018-12-07,2018,12,Friday,49,주중,2018-12-07,2018-12-16,9 days,9
41840,카드,D-20181207-0000061-01,2018-12-07 오후 6:28,2018-12-16 오전 5:43,151140,1069.0,2,네이버 페이,2018-12-07,2018,12,Friday,49,주중,2018-12-07,2018-12-16,9 days,9
41878,카드,D-20181207-0000280-01,2018-12-07 오후 6:28,2018-12-14 오전 11:23,75240,1374.0,1,네이버 페이,2018-12-07,2018,12,Friday,49,주중,2018-12-07,2018-12-14,7 days,7
41952,카드,D-20181207-0000628-01,2018-12-10 오후 6:52,2018-12-19 오전 3:19,217140,1121.0,2,네이버 페이,2018-12-07,2018,12,Friday,49,주중,2018-12-10,2018-12-19,9 days,9
42004,카드,D-20181209-0000036-01,2018-12-10 오후 6:52,2019-01-11 오전 9:53,173580,451.0,2,네이버 페이,2018-12-09,2018,12,Sunday,49,주말,2018-12-10,2019-01-11,32 days,32
42031,무통장입금,D-20181209-0000184-01,2018-12-10 오후 6:52,2018-12-19 오전 7:22,78870,603.0,1,네이버 페이,2018-12-09,2018,12,Sunday,49,주말,2018-12-10,2018-12-19,9 days,9
42032,카드,D-20181209-0000197-01,2018-12-10 오후 6:52,2018-12-18 오전 12:28,116000,605.0,1,네이버 페이,2018-12-09,2018,12,Sunday,49,주말,2018-12-10,2018-12-18,8 days,8
42042,카드,D-20181209-0000237-01,2018-12-10 오후 6:52,2018-12-19 오전 7:34,77220,379.0,1,네이버 페이,2018-12-09,2018,12,Sunday,49,주말,2018-12-10,2018-12-19,9 days,9
42240,카드,D-20181210-0000807-01,2018-12-10 오후 6:52,2018-12-19 오전 9:45,70620,1275.0,1,네이버 페이,2018-12-10,2018,12,Monday,50,주중,2018-12-10,2018-12-19,9 days,9
42267,카드,D-20181210-0000916-01,2018-12-11 오후 7:18,2018-12-18 오전 9:35,141240,42.0,2,네이버 페이,2018-12-10,2018,12,Monday,50,주중,2018-12-11,2018-12-18,7 days,7
42295,카드,D-20181211-0000016-01,2018-12-12 오전 9:00,2018-12-21 오전 3:26,56760,172.0,1,네이버 페이,2018-12-11,2018,12,Tuesday,50,주중,2018-12-12,2018-12-21,9 days,9
42375,무통장입금,D-20181211-0000358-01,2018-12-11 오후 7:18,2018-12-20 오전 4:39,41910,1205.0,1,네이버 페이,2018-12-11,2018,12,Tuesday,50,주중,2018-12-11,2018-12-20,9 days,9
42393,카드,D-20181211-0000442-01,2018-12-11 오후 7:18,2018-12-20 오전 9:34,38390,140.0,1,네이버 페이,2018-12-11,2018,12,Tuesday,50,주중,2018-12-11,2018-12-20,9 days,9
42461,카드,D-20181211-0000871-01,2018-12-12 오후 6:04,2018-12-21 오전 5:37,75570,437.0,1,네이버 페이,2018-12-11,2018,12,Tuesday,50,주중,2018-12-12,2018-12-21,9 days,9
42610,카드,D-20181212-0000795-01,2018-12-14 오전 9:06,2018-12-22 오전 4:29,86790,450.0,1,네이버 페이,2018-12-12,2018,12,Wednesday,50,주중,2018-12-14,2018-12-22,8 days,8
42651,카드,D-20181213-0000019-01,2018-12-14 오전 9:06,2018-12-22 오전 6:13,78870,603.0,1,네이버 페이,2018-12-13,2018,12,Thursday,50,주중,2018-12-14,2018-12-22,8 days,8
42659,카드,D-20181213-0000051-01,2018-12-14 오전 9:06,2018-12-22 오전 6:37,41910,1350.0,1,네이버 페이,2018-12-13,2018,12,Thursday,50,주중,2018-12-14,2018-12-22,8 days,8
42961,카드,D-20181214-0000731-02,2018-12-17 오후 5:32,2018-12-27 오전 2:38,12500,523.0,1,네이버 페이,2018-12-14,2018,12,Friday,50,주중,2018-12-17,2018-12-27,10 days,10
42962,카드,D-20181214-0000731-04,2018-12-17 오후 5:32,2018-12-27 오전 2:38,83550,962.0,1,네이버 페이,2018-12-14,2018,12,Friday,50,주중,2018-12-17,2018-12-27,10 days,10
42967,카드,D-20181215-0000064-01,2018-12-17 오후 5:32,2018-12-26 오전 4:03,76400,608.0,1,네이버 페이,2018-12-15,2018,12,Saturday,50,주말,2018-12-17,2018-12-26,9 days,9
43040,카드,D-20181216-0000275-01,2018-12-17 오후 5:32,2018-12-26 오전 7:20,71450,1077.0,1,네이버 페이,2018-12-16,2018,12,Sunday,50,주말,2018-12-17,2018-12-26,9 days,9
43118,실시간계좌이체,D-20181217-0000302-01,2018-12-17 오후 5:32,2018-12-26 오전 8:45,86790,451.0,1,네이버 페이,2018-12-17,2018,12,Monday,51,주중,2018-12-17,2018-12-26,9 days,9
43203,실시간계좌이체,D-20181217-0000748-01,2018-12-17 오후 5:32,2018-12-26 오전 9:17,70620,42.0,1,네이버 페이,2018-12-17,2018,12,Monday,51,주중,2018-12-17,2018-12-26,9 days,9
43233,카드,D-20181217-0000907-01,2018-12-19 오후 5:38,2018-12-28 오전 2:51,58410,455.0,1,네이버 페이,2018-12-17,2018,12,Monday,51,주중,2018-12-19,2018-12-28,9 days,9
43256,카드,D-20181217-0001021-01,2018-12-19 오후 5:38,2018-12-27 오전 8:21,38320,1297.0,1,네이버 페이,2018-12-17,2018,12,Monday,51,주중,2018-12-19,2018-12-27,8 days,8
43269,카드,D-20181217-0001089-01,2018-12-19 오후 5:38,2018-12-27 오전 8:55,76400,608.0,1,네이버 페이,2018-12-17,2018,12,Monday,51,주중,2018-12-19,2018-12-27,8 days,8
43289,무통장입금,D-20181218-0000072-01,2018-12-19 오후 5:38,2018-12-27 오전 8:10,68970,38.0,1,네이버 페이,2018-12-18,2018,12,Tuesday,51,주중,2018-12-19,2018-12-27,8 days,8
43318,카드,D-20181218-0000201-01,2018-12-19 오후 5:38,2018-12-27 오전 10:37,103620,1169.0,1,네이버 페이,2018-12-18,2018,12,Tuesday,51,주중,2018-12-19,2018-12-27,8 days,8
43325,카드,D-20181218-0000249-01,2018-12-19 오후 5:38,2018-12-28 오전 3:53,83550,962.0,1,네이버 페이,2018-12-18,2018,12,Tuesday,51,주중,2018-12-19,2018-12-28,9 days,9
43445,카드,D-20181218-0000896-01,2018-12-19 오후 5:38,2018-12-26 오전 2:31,141240,42.0,2,네이버 페이,2018-12-18,2018,12,Tuesday,51,주중,2018-12-19,2018-12-26,7 days,7
43450,카드,D-20181218-0000911-01,2018-12-19 오후 5:38,2018-12-28 오전 6:03,66500,47.0,1,네이버 페이,2018-12-18,2018,12,Tuesday,51,주중,2018-12-19,2018-12-28,9 days,9
43451,카드,D-20181218-0000929-01,2018-12-19 오후 5:38,2018-12-28 오전 6:03,66500,47.0,1,네이버 페이,2018-12-18,2018,12,Tuesday,51,주중,2018-12-19,2018-12-28,9 days,9
43542,카드,D-20181219-0000415-01,2018-12-19 오후 5:38,2018-12-28 오전 8:07,78870,39.0,1,네이버 페이,2018-12-19,2018,12,Wednesday,51,주중,2018-12-19,2018-12-28,9 days,9
43543,카드,D-20181219-0000415-02,2018-12-19 오후 5:38,2018-12-28 오전 8:07,75570,437.0,1,네이버 페이,2018-12-19,2018,12,Wednesday,51,주중,2018-12-19,2018-12-28,9 days,9
43706,카드,D-20181220-0000308-01,2018-12-21 오전 9:02,2018-12-29 오전 7:06,99660,1235.0,1,네이버 페이,2018-12-20,2018,12,Thursday,51,주중,2018-12-21,2018-12-29,8 days,8
43707,카드,D-20181220-0000313-01,2018-12-21 오전 9:02,2018-12-29 오전 7:11,22110,219.0,1,네이버 페이,2018-12-20,2018,12,Thursday,51,주중,2018-12-21,2018-12-29,8 days,8
43831,카드,D-20181220-0000820-01,2018-12-23 오후 9:12,2018-12-31 오전 12:59,56760,447.0,1,네이버 페이,2018-12-20,2018,12,Thursday,51,주중,2018-12-23,2018-12-31,8 days,8
43839,카드,D-20181220-0000865-01,2018-12-23 오후 9:12,2018-12-31 오전 1:01,93720,1229.0,1,네이버 페이,2018-12-20,2018,12,Thursday,51,주중,2018-12-23,2018-12-31,8 days,8
43840,카드,D-20181220-0000865-02,2018-12-23 오후 9:12,2019-01-03 오전 1:49,92070,1231.0,1,네이버 페이,2018-12-20,2018,12,Thursday,51,주중,2018-12-23,2019-01-03,11 days,11
43845,카드,D-20181220-0000892-01,2018-12-23 오후 9:12,2018-12-31 오전 1:01,132500,92.0,1,네이버 페이,2018-12-20,2018,12,Thursday,51,주중,2018-12-23,2018-12-31,8 days,8
44080,실시간계좌이체,D-20181224-0000031-01,2018-12-26 오전 8:56,2019-01-02 오전 4:08,56760,447.0,1,네이버 페이,2018-12-24,2018,12,Monday,52,주중,2018-12-26,2019-01-02,7 days,7
44123,무통장입금,D-20181224-0000191-01,2018-12-26 오전 8:56,2019-01-03 오전 8:56,58410,455.0,1,네이버 페이,2018-12-24,2018,12,Monday,52,주중,2018-12-26,2019-01-03,8 days,8
44165,카드,D-20181224-0000441-01,2018-12-26 오전 8:56,2019-01-03 오전 7:51,261360,176.0,3,네이버 페이,2018-12-24,2018,12,Monday,52,주중,2018-12-26,2019-01-03,8 days,8
44228,카드,D-20181224-0000721-01,2018-12-27 오후 5:08,2019-01-05 오전 2:20,151470,78.0,1,네이버 페이,2018-12-24,2018,12,Monday,52,주중,2018-12-27,2019-01-05,9 days,9
44258,카드,D-20181225-0000047-01,2018-12-26 오후 9:38,2019-01-03 오전 10:02,56760,446.0,1,네이버 페이,2018-12-25,2018,12,Tuesday,52,주중,2018-12-26,2019-01-03,8 days,8
44426,카드,D-20181226-0000550-01,2018-12-26 오후 9:38,2019-01-04 오전 8:41,75570,437.0,1,네이버 페이,2018-12-26,2018,12,Wednesday,52,주중,2018-12-26,2019-01-04,9 days,9
44520,무통장입금,D-20181226-0001023-01,2018-12-27 오후 5:06,2019-01-04 오전 5:32,96000,1375.0,1,모바일웹,2018-12-26,2018,12,Wednesday,52,주중,2018-12-27,2019-01-04,8 days,8
44578,카드,D-20181227-0000059-01,2018-12-27 오후 5:08,2019-01-05 오전 7:37,51810,248.0,1,네이버 페이,2018-12-27,2018,12,Thursday,52,주중,2018-12-27,2019-01-05,9 days,9
44659,무통장입금,D-20181227-0000527-01,2018-12-27 오후 5:08,2019-01-03 오후 12:00,56760,445.0,1,네이버 페이,2018-12-27,2018,12,Thursday,52,주중,2018-12-27,2019-01-03,7 days,7
44793,무통장입금,D-20181228-0000247-01,2018-12-28 오후 6:24,2019-01-06 오전 5:50,78870,603.0,1,네이버 페이,2018-12-28,2018,12,Friday,52,주중,2018-12-28,2019-01-06,9 days,9
44800,카드,D-20181228-0000276-01,2018-12-28 오후 6:24,2019-01-06 오전 5:57,108570,1121.0,1,네이버 페이,2018-12-28,2018,12,Friday,52,주중,2018-12-28,2019-01-06,9 days,9
44853,실시간계좌이체,D-20181228-0000514-01,2018-12-31 오후 6:18,2019-01-10 오전 9:13,71500,1333.0,1,네이버 페이,2018-12-28,2018,12,Friday,52,주중,2018-12-31,2019-01-10,10 days,10
44959,무통장입금,D-20181230-0000110-01,2019-01-03 오전 9:32,2019-01-11 오전 2:38,106920,52.0,1,네이버 페이,2018-12-30,2018,12,Sunday,52,주말,2019-01-03,2019-01-11,8 days,8
44962,카드,D-20181230-0000152-01,2018-12-31 오후 6:18,2019-01-08 오후 12:42,77220,379.0,1,네이버 페이,2018-12-30,2018,12,Sunday,52,주말,2018-12-31,2019-01-08,8 days,8
45128,"쿠폰,무통장입금",D-20170209-0000021-01,2017-02-09 오후 4:32,2017-02-16 오전 11:18,88750,90.0,1,PC쇼핑몰,2017-02-09,2017,2,Thursday,6,주중,2017-02-09,2017-02-16,7 days,7
45129,"쿠폰,무통장입금",D-20170209-0000021-00,2017-02-09 오후 4:32,2017-02-16 오전 11:18,78750,88.0,1,PC쇼핑몰,2017-02-09,2017,2,Thursday,6,주중,2017-02-09,2017-02-16,7 days,7
45137,카드,D-20170214-0000019-01,2017-02-14 오후 5:57,2017-02-24 오전 9:56,106600,42.0,2,네이버 페이,2017-02-14,2017,2,Tuesday,7,주중,2017-02-14,2017-02-24,10 days,10
45139,무통장입금,D-20170216-0000025-01,2017-02-20 오후 12:20,2017-03-06 오전 12:58,19305,171.0,1,네이버 페이,2017-02-16,2017,2,Thursday,7,주중,2017-02-20,2017-03-06,14 days,14
45159,카드,D-20170307-0000010-01,2017-03-07 오전 10:21,2017-03-16 오후 7:31,16965,173.0,1,네이버 페이,2017-03-07,2017,3,Tuesday,10,주중,2017-03-07,2017-03-16,9 days,9
45169,카드,D-20170317-0000024-01,2017-03-20 오전 9:42,2017-03-29 오전 3:54,39760,98.0,1,네이버 페이,2017-03-17,2017,3,Friday,11,주중,2017-03-20,2017-03-29,9 days,9
45172,"쿠폰,카드",D-20170323-0000017-00,2017-03-23 오후 6:43,2017-04-01 오후 7:49,53100,38.0,1,PC쇼핑몰,2017-03-23,2017,3,Thursday,12,주중,2017-03-23,2017-04-01,9 days,9
45173,"쿠폰,카드",D-20170323-0000017-01,2017-03-23 오후 6:43,2017-04-01 오후 7:49,118400,42.0,2,PC쇼핑몰,2017-03-23,2017,3,Thursday,12,주중,2017-03-23,2017-04-01,9 days,9
45174,"쿠폰,카드",D-20170323-0000026-00,2017-03-23 오후 6:43,2017-04-01 오후 7:49,109000,40.0,1,PC쇼핑몰,2017-03-23,2017,3,Thursday,12,주중,2017-03-23,2017-04-01,9 days,9
45175,무통장입금,D-20170323-0000034-01,2017-03-23 오후 6:40,2017-04-01 오전 11:07,67500,44.0,1,네이버 페이,2017-03-23,2017,3,Thursday,12,주중,2017-03-23,2017-04-01,9 days,9
45189,무통장입금,D-20170328-0000051-01,2017-03-29 오후 2:18,2017-04-07 오전 5:55,13500,189.0,1,네이버 페이,2017-03-28,2017,3,Tuesday,13,주중,2017-03-29,2017-04-07,9 days,9
45192,카드,D-20170330-0000011-01,2017-03-30 오후 2:30,2017-04-08 오전 11:26,73000,176.0,1,네이버 페이,2017-03-30,2017,3,Thursday,13,주중,2017-03-30,2017-04-08,9 days,9
45196,무통장입금,D-20170401-0000027-00,2017-04-03 오후 5:17,2017-04-10 오전 9:00,44000,,1,PC쇼핑몰,2017-04-01,2017,4,Saturday,13,주말,2017-04-03,2017-04-10,7 days,7
45197,"쿠폰,무통장입금",D-20170403-0000011-00,2017-04-03 오후 5:17,2017-04-10 오전 9:00,81000,48.0,1,PC쇼핑몰,2017-04-03,2017,4,Monday,14,주중,2017-04-03,2017-04-10,7 days,7
45199,실시간계좌이체,D-20170404-0000032-01,2017-04-04 오후 5:25,2017-04-11 오후 5:24,19240,,2,네이버 페이,2017-04-04,2017,4,Tuesday,14,주중,2017-04-04,2017-04-11,7 days,7
45200,실시간계좌이체,D-20170404-0000032-02,2017-04-04 오후 5:25,2017-04-11 오후 5:24,37530,,3,네이버 페이,2017-04-04,2017,4,Tuesday,14,주중,2017-04-04,2017-04-11,7 days,7
45201,실시간계좌이체,D-20170404-0000032-03,2017-04-04 오후 5:25,2017-04-11 오후 5:24,8940,139.0,3,네이버 페이,2017-04-04,2017,4,Tuesday,14,주중,2017-04-04,2017-04-11,7 days,7
45206,"쿠폰,카드",D-20170406-0000022-00,2017-04-08 오후 6:50,2017-04-19 오전 5:36,91200,,1,PC쇼핑몰,2017-04-06,2017,4,Thursday,14,주중,2017-04-08,2017-04-19,11 days,11
45207,"쿠폰,카드",D-20170411-0000014-00,2017-04-11 오후 5:24,2017-04-21 오후 1:48,73000,188.0,1,모바일웹,2017-04-11,2017,4,Tuesday,15,주중,2017-04-11,2017-04-21,10 days,10
45208,무통장입금,D-20170411-0000031-00,2017-04-11 오후 5:24,2017-04-21 오후 1:48,71000,45.0,1,모바일웹,2017-04-11,2017,4,Tuesday,15,주중,2017-04-11,2017-04-21,10 days,10
45209,카드,D-20170412-0000013-00,2017-04-12 오후 7:34,2017-04-21 오후 1:48,8550,,1,PC쇼핑몰,2017-04-12,2017,4,Wednesday,15,주중,2017-04-12,2017-04-21,9 days,9
45210,"쿠폰,휴대폰",D-20170412-0000024-00,2017-04-12 오후 7:34,2017-04-21 오후 1:48,78000,291.0,1,PC쇼핑몰,2017-04-12,2017,4,Wednesday,15,주중,2017-04-12,2017-04-21,9 days,9
45213,카드,D-20170412-0000043-01,2017-04-17 오후 7:25,2017-04-25 오전 1:24,10800,64.0,1,네이버 페이,2017-04-12,2017,4,Wednesday,15,주중,2017-04-17,2017-04-25,8 days,8
45214,카드,D-20170412-0000043-02,2017-04-17 오후 7:25,2017-04-27 오전 1:50,7940,143.0,2,네이버 페이,2017-04-12,2017,4,Wednesday,15,주중,2017-04-17,2017-04-27,10 days,10
45227,카드,D-20170418-0000016-01,2017-04-19 오후 9:56,2017-05-04 오전 1:42,81000,48.0,1,네이버 페이,2017-04-18,2017,4,Tuesday,16,주중,2017-04-19,2017-05-04,15 days,15
45234,카드,D-20170420-0000049-01,2017-04-21 오후 5:25,2017-04-30 오전 6:28,44000,,1,네이버 페이,2017-04-20,2017,4,Thursday,16,주중,2017-04-21,2017-04-30,9 days,9
45236,카드,D-20170421-0000021-01,2017-04-24 오후 7:44,2017-05-04 오전 5:34,57600,,1,네이버 페이,2017-04-21,2017,4,Friday,16,주중,2017-04-24,2017-05-04,10 days,10
45247,무통장입금,D-20170427-0000017-01,2017-04-27 오후 7:25,2017-05-06 오후 1:24,53100,38.0,1,네이버 페이,2017-04-27,2017,4,Thursday,17,주중,2017-04-27,2017-05-06,9 days,9
45248,무통장입금,D-20170427-0000017-02,2017-04-27 오후 7:25,2017-05-06 오후 1:24,109000,40.0,1,네이버 페이,2017-04-27,2017,4,Thursday,17,주중,2017-04-27,2017-05-06,9 days,9
45250,실시간계좌이체,D-20170430-0000012-00,2017-05-02 오후 6:57,2017-05-09 오전 11:48,73000,188.0,1,PC쇼핑몰,2017-04-30,2017,4,Sunday,17,주말,2017-05-02,2017-05-09,7 days,7
45251,"쿠폰,무통장입금",D-20170430-0000027-00,2017-05-02 오후 6:57,2017-05-09 오전 11:48,79000,256.0,1,모바일웹,2017-04-30,2017,4,Sunday,17,주말,2017-05-02,2017-05-09,7 days,7
45252,무통장입금,D-20170430-0000039-00,2017-05-02 오후 6:57,2017-05-09 오전 11:48,12030,,1,PC쇼핑몰,2017-04-30,2017,4,Sunday,17,주말,2017-05-02,2017-05-09,7 days,7
45253,무통장입금,D-20170430-0000039-01,2017-05-02 오후 6:57,2017-05-09 오전 11:48,29000,171.0,1,PC쇼핑몰,2017-04-30,2017,4,Sunday,17,주말,2017-05-02,2017-05-09,7 days,7
45254,카드,D-20170501-0000016-01,2017-05-02 오후 6:58,2017-05-12 오전 5:52,116000,,2,네이버 페이,2017-05-01,2017,5,Monday,18,주중,2017-05-02,2017-05-12,10 days,10
45256,"쿠폰,카드",D-20170501-0000036-00,2017-05-02 오후 6:57,2017-05-09 오전 11:48,52200,172.0,1,PC쇼핑몰,2017-05-01,2017,5,Monday,18,주중,2017-05-02,2017-05-09,7 days,7
45259,카드,D-20170503-0000029-01,2017-05-04 오후 3:58,2017-05-17 오전 4:10,100900,92.0,1,네이버 페이,2017-05-03,2017,5,Wednesday,18,주중,2017-05-04,2017-05-17,13 days,13
45260,카드,D-20170504-0000019-01,2017-05-04 오후 3:50,2017-05-12 오후 3:22,102200,,1,네이버 페이,2017-05-04,2017,5,Thursday,18,주중,2017-05-04,2017-05-12,8 days,8
45261,카드,D-20170504-0000029-01,2017-05-04 오후 3:50,2017-05-12 오후 3:22,77100,,1,네이버 페이,2017-05-04,2017,5,Thursday,18,주중,2017-05-04,2017-05-12,8 days,8
45276,카드,D-20170506-0000043-01,2017-05-11 오후 5:25,2017-05-21 오전 1:54,159600,49.0,1,네이버 페이,2017-05-06,2017,5,Saturday,18,주말,2017-05-11,2017-05-21,10 days,10
45283,"쿠폰,카드",D-20170509-0000052-00,2017-05-10 오후 10:20,2017-05-18 오후 2:33,53100,47.0,1,모바일웹,2017-05-09,2017,5,Tuesday,19,주중,2017-05-10,2017-05-18,8 days,8
45284,"쿠폰,카드",D-20170509-0000052-01,2017-05-10 오후 10:20,2017-05-18 오후 2:33,71000,45.0,1,모바일웹,2017-05-09,2017,5,Tuesday,19,주중,2017-05-10,2017-05-18,8 days,8
45289,실시간계좌이체,D-20170510-0000044-01,2017-05-10 오후 10:25,2017-05-20 오전 10:36,73000,178.0,1,네이버 페이,2017-05-10,2017,5,Wednesday,19,주중,2017-05-10,2017-05-20,10 days,10
45301,카드,D-20170514-0000028-01,2017-05-18 오후 4:58,2017-05-28 오전 1:35,65800,,1,네이버 페이,2017-05-14,2017,5,Sunday,19,주말,2017-05-18,2017-05-28,10 days,10
45302,카드,D-20170515-0000013-01,2017-05-18 오전 9:54,2017-05-26 오전 4:00,79400,,1,네이버 페이,2017-05-15,2017,5,Monday,20,주중,2017-05-18,2017-05-26,8 days,8
45303,카드,D-20170515-0000031-01,2017-05-15 오후 5:03,2017-05-24 오후 12:08,12030,,1,네이버 페이,2017-05-15,2017,5,Monday,20,주중,2017-05-15,2017-05-24,9 days,9
45307,카드,D-20170516-0000012-01,2017-05-16 오후 3:55,2017-05-25 오후 5:48,8300,55.0,1,네이버 페이,2017-05-16,2017,5,Tuesday,20,주중,2017-05-16,2017-05-25,9 days,9
45308,카드,D-20170516-0000012-02,2017-05-16 오후 3:55,2017-05-25 오후 5:48,5500,53.0,1,네이버 페이,2017-05-16,2017,5,Tuesday,20,주중,2017-05-16,2017-05-25,9 days,9
45309,휴대폰,D-20170516-0000026-00,2017-05-16 오후 6:54,2017-05-27 오전 5:35,47000,174.0,1,PC쇼핑몰,2017-05-16,2017,5,Tuesday,20,주중,2017-05-16,2017-05-27,11 days,11
45316,무통장입금,D-20170517-0000058-01,2017-05-18 오후 4:58,2017-05-27 오전 8:24,80500,51.0,1,네이버 페이,2017-05-17,2017,5,Wednesday,20,주중,2017-05-18,2017-05-27,9 days,9
45318,카드,D-20170517-0000093-01,2017-05-18 오후 4:58,2017-05-28 오전 3:52,57600,,1,네이버 페이,2017-05-17,2017,5,Wednesday,20,주중,2017-05-18,2017-05-28,10 days,10
45320,무통장입금,D-20170518-0000049-01,2017-05-18 오후 5:28,2017-05-27 오후 2:30,58000,,1,네이버 페이,2017-05-18,2017,5,Thursday,20,주중,2017-05-18,2017-05-27,9 days,9
45322,"쿠폰,카드",D-20170519-0000012-00,2017-05-19 오후 7:50,2017-05-27 오전 5:35,53100,47.0,1,PC쇼핑몰,2017-05-19,2017,5,Friday,20,주중,2017-05-19,2017-05-27,8 days,8
45323,"쿠폰,카드",D-20170519-0000012-01,2017-05-19 오후 7:50,2017-05-27 오전 5:35,63600,39.0,1,PC쇼핑몰,2017-05-19,2017,5,Friday,20,주중,2017-05-19,2017-05-27,8 days,8
45324,"쿠폰,카드",D-20170519-0000012-02,2017-05-19 오후 7:50,2017-05-27 오전 5:35,118400,42.0,2,PC쇼핑몰,2017-05-19,2017,5,Friday,20,주중,2017-05-19,2017-05-27,8 days,8
45325,실시간계좌이체,D-20170519-0000154-01,2017-05-19 오후 4:06,2017-05-31 오전 2:58,58000,,1,네이버 페이,2017-05-19,2017,5,Friday,20,주중,2017-05-19,2017-05-31,12 days,12
45326,카드,D-20170519-0000161-01,2017-05-24 오후 4:46,2017-06-03 오전 1:25,45700,213.0,1,네이버 페이,2017-05-19,2017,5,Friday,20,주중,2017-05-24,2017-06-03,10 days,10
45327,무통장입금,D-20170520-0000018-00,2017-05-25 오전 8:03,2017-06-02 오전 5:35,67500,,1,PC쇼핑몰,2017-05-20,2017,5,Saturday,20,주말,2017-05-25,2017-06-02,8 days,8
45328,카드,D-20170521-0000016-01,2017-05-22 오후 3:40,2017-05-31 오전 8:36,113400,94.0,1,네이버 페이,2017-05-21,2017,5,Sunday,20,주말,2017-05-22,2017-05-31,9 days,9
45329,"쿠폰,카드",D-20170521-0000036-00,2017-05-22 오후 2:12,2017-05-30 오전 5:35,47000,170.0,1,모바일웹,2017-05-21,2017,5,Sunday,20,주말,2017-05-22,2017-05-30,8 days,8
45330,무통장입금,D-20170521-0000043-00,2017-05-22 오후 3:40,2017-05-30 오전 5:35,53100,38.0,1,PC쇼핑몰,2017-05-21,2017,5,Sunday,20,주말,2017-05-22,2017-05-30,8 days,8
45331,무통장입금,D-20170521-0000058-00,2017-05-23 오전 10:44,2017-05-31 오전 5:35,329000,,5,PC쇼핑몰,2017-05-21,2017,5,Sunday,20,주말,2017-05-23,2017-05-31,8 days,8
45332,카드,D-20170521-0000064-01,2017-05-22 오후 3:40,2017-06-01 오후 2:00,13500,185.0,1,네이버 페이,2017-05-21,2017,5,Sunday,20,주말,2017-05-22,2017-06-01,10 days,10
45333,무통장입금,D-20170522-0000019-00,2017-05-22 오후 3:40,2017-05-30 오전 5:35,102200,,1,PC쇼핑몰,2017-05-22,2017,5,Monday,21,주중,2017-05-22,2017-05-30,8 days,8
45334,무통장입금,D-20170522-0000019-01,2017-05-22 오후 3:40,2017-05-30 오전 5:35,64800,,1,PC쇼핑몰,2017-05-22,2017,5,Monday,21,주중,2017-05-22,2017-05-30,8 days,8
45335,카드,D-20170522-0000021-00,2017-05-22 오후 3:40,2017-05-30 오전 5:35,158800,,2,모바일웹,2017-05-22,2017,5,Monday,21,주중,2017-05-22,2017-05-30,8 days,8
45336,무통장입금,D-20170522-0000033-00,2017-05-25 오전 8:03,2017-06-02 오전 5:35,65800,,1,PC쇼핑몰,2017-05-22,2017,5,Monday,21,주중,2017-05-25,2017-06-02,8 days,8
45337,무통장입금,D-20170522-0000033-01,2017-05-25 오전 8:03,2017-06-02 오전 5:35,67500,,1,PC쇼핑몰,2017-05-22,2017,5,Monday,21,주중,2017-05-25,2017-06-02,8 days,8
45338,무통장입금,D-20170522-0000051-00,2017-05-24 오전 9:43,2017-06-01 오전 5:38,58000,,1,PC쇼핑몰,2017-05-22,2017,5,Monday,21,주중,2017-05-24,2017-06-01,8 days,8
45339,카드,D-20170522-0000065-00,2017-05-25 오전 8:03,2017-06-02 오전 5:35,66500,,1,모바일웹,2017-05-22,2017,5,Monday,21,주중,2017-05-25,2017-06-02,8 days,8
45340,카드,D-20170522-0000072-00,2017-05-24 오후 4:45,2017-06-01 오전 5:38,67500,,1,모바일웹,2017-05-22,2017,5,Monday,21,주중,2017-05-24,2017-06-01,8 days,8
45341,"적립금,무통장입금",D-20170522-0000089-00,2017-05-24 오전 9:43,2017-06-01 오전 5:38,53100,38.0,1,모바일웹,2017-05-22,2017,5,Monday,21,주중,2017-05-24,2017-06-01,8 days,8
45342,무통장입금,D-20170522-0000090-01,2017-05-23 오후 3:50,2017-06-01 오후 7:28,58000,,1,네이버 페이,2017-05-22,2017,5,Monday,21,주중,2017-05-23,2017-06-01,9 days,9
45344,카드,D-20170523-0000021-00,2017-05-24 오후 4:45,2017-06-01 오전 5:38,308000,,7,PC쇼핑몰,2017-05-23,2017,5,Tuesday,21,주중,2017-05-24,2017-06-01,8 days,8
45345,카드,D-20170523-0000058-00,2017-05-25 오전 8:03,2017-06-02 오전 5:35,90200,,1,PC쇼핑몰,2017-05-23,2017,5,Tuesday,21,주중,2017-05-25,2017-06-02,8 days,8
45346,카드,D-20170523-0000079-00,2017-05-24 오후 4:45,2017-06-01 오전 5:38,45700,213.0,1,모바일웹,2017-05-23,2017,5,Tuesday,21,주중,2017-05-24,2017-06-01,8 days,8
45348,카드,D-20170523-0000095-01,2017-05-24 오후 12:08,2017-06-02 오전 10:10,91750,90.0,1,네이버 페이,2017-05-23,2017,5,Tuesday,21,주중,2017-05-24,2017-06-02,9 days,9
45350,무통장입금,D-20170524-0000031-00,2017-05-25 오전 8:03,2017-06-02 오전 5:35,67500,,1,PC쇼핑몰,2017-05-24,2017,5,Wednesday,21,주중,2017-05-25,2017-06-02,8 days,8
45351,카드,D-20170524-0000041-01,2017-05-24 오후 12:32,2017-06-03 오전 5:30,7600,63.0,1,네이버 페이,2017-05-24,2017,5,Wednesday,21,주중,2017-05-24,2017-06-03,10 days,10
45352,카드,D-20170524-0000041-02,2017-05-24 오후 12:32,2017-06-03 오전 5:30,5410,220.0,1,네이버 페이,2017-05-24,2017,5,Wednesday,21,주중,2017-05-24,2017-06-03,10 days,10
45353,카드,D-20170524-0000041-03,2017-05-24 오후 12:32,2017-06-03 오전 5:30,19240,,2,네이버 페이,2017-05-24,2017,5,Wednesday,21,주중,2017-05-24,2017-06-03,10 days,10
45354,카드,D-20170524-0000041-04,2017-05-24 오후 12:32,2017-06-03 오전 5:30,12510,,1,네이버 페이,2017-05-24,2017,5,Wednesday,21,주중,2017-05-24,2017-06-03,10 days,10
45355,카드,D-20170524-0000055-00,2017-05-24 오후 4:45,2017-06-01 오전 5:38,66500,,1,모바일웹,2017-05-24,2017,5,Wednesday,21,주중,2017-05-24,2017-06-01,8 days,8
45357,"쿠폰,휴대폰",D-20170524-0000085-00,2017-05-25 오후 8:58,2017-06-02 오전 5:35,11000,288.0,1,PC쇼핑몰,2017-05-24,2017,5,Wednesday,21,주중,2017-05-25,2017-06-02,8 days,8
45358,"쿠폰,휴대폰",D-20170524-0000085-01,2017-05-25 오후 8:58,2017-06-02 오전 5:35,11000,310.0,1,PC쇼핑몰,2017-05-24,2017,5,Wednesday,21,주중,2017-05-25,2017-06-02,8 days,8
45359,"쿠폰,휴대폰",D-20170524-0000085-02,2017-05-25 오후 8:58,2017-06-02 오전 5:35,15000,314.0,1,PC쇼핑몰,2017-05-24,2017,5,Wednesday,21,주중,2017-05-25,2017-06-02,8 days,8
45360,"쿠폰,휴대폰",D-20170524-0000085-03,2017-05-25 오후 8:58,2017-06-02 오전 5:35,16000,312.0,1,PC쇼핑몰,2017-05-24,2017,5,Wednesday,21,주중,2017-05-25,2017-06-02,8 days,8
45361,카드,D-20170525-0000016-00,2017-05-25 오후 8:58,2017-06-02 오전 5:35,53100,38.0,1,PC쇼핑몰,2017-05-25,2017,5,Thursday,21,주중,2017-05-25,2017-06-02,8 days,8
45362,무통장입금,D-20170525-0000029-00,2017-05-25 오후 8:58,2017-06-02 오전 5:35,73800,46.0,1,모바일웹,2017-05-25,2017,5,Thursday,21,주중,2017-05-25,2017-06-02,8 days,8
45363,무통장입금,D-20170525-0000036-00,2017-05-25 오후 8:58,2017-06-02 오전 5:35,45700,213.0,1,모바일웹,2017-05-25,2017,5,Thursday,21,주중,2017-05-25,2017-06-02,8 days,8
45366,카드,D-20170526-0000010-01,2017-05-26 오후 4:19,2017-06-07 오전 2:32,65800,,1,네이버 페이,2017-05-26,2017,5,Friday,21,주중,2017-05-26,2017-06-07,12 days,12
45369,무통장입금,D-20170526-0000051-01,2017-05-29 오후 4:33,2017-06-08 오전 2:46,53900,,1,네이버 페이,2017-05-26,2017,5,Friday,21,주중,2017-05-29,2017-06-08,10 days,10
45379,카드,D-20170529-0000037-01,2017-05-29 오후 4:35,2017-06-07 오전 10:56,102200,,1,네이버 페이,2017-05-29,2017,5,Monday,22,주중,2017-05-29,2017-06-07,9 days,9
45381,무통장입금,D-20170529-0000056-01,2017-05-30 오후 4:06,2017-06-09 오전 1:50,10960,,1,네이버 페이,2017-05-29,2017,5,Monday,22,주중,2017-05-30,2017-06-09,10 days,10
45382,카드,D-20170529-0000067-01,2017-05-30 오후 4:07,2017-06-09 오전 5:20,45700,213.0,1,네이버 페이,2017-05-29,2017,5,Monday,22,주중,2017-05-30,2017-06-09,10 days,10
45393,무통장입금,D-20170531-0000030-01,2017-05-31 오후 4:48,2017-06-09 오후 4:38,8550,,1,네이버 페이,2017-05-31,2017,5,Wednesday,22,주중,2017-05-31,2017-06-09,9 days,9
45400,카드,D-20170601-0000099-01,2017-06-02 오후 3:30,2017-06-13 오전 2:24,21480,,2,네이버 페이,2017-06-01,2017,6,Thursday,22,주중,2017-06-02,2017-06-13,11 days,11
45420,카드,D-20170606-0000047-01,2017-06-07 오후 4:22,2017-06-16 오후 2:02,71000,45.0,1,네이버 페이,2017-06-06,2017,6,Tuesday,23,주중,2017-06-07,2017-06-16,9 days,9
45427,카드,D-20170608-0000033-01,2017-06-09 오후 4:52,2017-06-20 오전 2:28,63600,39.0,1,네이버 페이,2017-06-08,2017,6,Thursday,23,주중,2017-06-09,2017-06-20,11 days,11
45431,카드,D-20170610-0000067-01,2017-06-12 오후 5:12,2017-06-22 오전 7:26,90350,88.0,1,네이버 페이,2017-06-10,2017,6,Saturday,23,주말,2017-06-12,2017-06-22,10 days,10
45447,실시간계좌이체,D-20170613-0000018-01,2017-06-13 오후 5:16,2017-06-21 오후 7:10,45700,391.0,1,네이버 페이,2017-06-13,2017,6,Tuesday,24,주중,2017-06-13,2017-06-21,8 days,8
45462,카드,D-20170618-0000010-02,2017-06-19 오후 3:35,2017-06-28 오전 8:46,23340,207.0,1,네이버 페이,2017-06-18,2017,6,Sunday,24,주말,2017-06-19,2017-06-28,9 days,9
45463,카드,D-20170618-0000010-02,2017-06-19 오후 3:35,2017-06-28 오전 8:46,58500,394.0,1,네이버 페이,2017-06-18,2017,6,Sunday,24,주말,2017-06-19,2017-06-28,9 days,9
45464,카드,D-20170618-0000023-01,2017-06-19 오후 3:36,2017-06-28 오전 9:20,101250,92.0,1,네이버 페이,2017-06-18,2017,6,Sunday,24,주말,2017-06-19,2017-06-28,9 days,9
45472,카드,D-20170619-0000073-01,2017-06-19 오후 3:38,2017-06-28 오후 1:02,5310,216.0,1,네이버 페이,2017-06-19,2017,6,Monday,25,주중,2017-06-19,2017-06-28,9 days,9
45473,카드,D-20170619-0000073-02,2017-06-19 오후 3:38,2017-06-28 오후 1:02,8550,403.0,1,네이버 페이,2017-06-19,2017,6,Monday,25,주중,2017-06-19,2017-06-28,9 days,9
45474,카드,D-20170619-0000099-01,2017-06-20 오후 5:21,2017-06-29 오후 5:14,53820,388.0,1,네이버 페이,2017-06-19,2017,6,Monday,25,주중,2017-06-20,2017-06-29,9 days,9
45478,무통장입금,D-20170619-0000124-02,2017-06-20 오후 5:24,2017-06-29 오후 5:48,20380,215.0,1,네이버 페이,2017-06-19,2017,6,Monday,25,주중,2017-06-20,2017-06-29,9 days,9
45479,무통장입금,D-20170619-0000124-02,2017-06-20 오후 5:24,2017-06-29 오후 5:48,48420,391.0,1,네이버 페이,2017-06-19,2017,6,Monday,25,주중,2017-06-20,2017-06-29,9 days,9
45488,카드,D-20170621-0000023-01,2017-06-21 오후 5:58,2017-06-28 오전 2:40,52200,172.0,1,네이버 페이,2017-06-21,2017,6,Wednesday,25,주중,2017-06-21,2017-06-28,7 days,7
45496,휴대폰,D-20170621-0000086-01,2017-06-22 오후 4:18,2017-06-29 오후 8:58,13500,187.0,1,네이버 페이,2017-06-21,2017,6,Wednesday,25,주중,2017-06-22,2017-06-29,7 days,7
45502,카드,D-20170623-0000018-01,2017-06-26 오후 4:01,2017-07-08 오전 1:16,10800,64.0,1,네이버 페이,2017-06-23,2017,6,Friday,25,주중,2017-06-26,2017-07-08,12 days,12
45507,카드,D-20170625-0000019-01,2017-06-26 오후 4:01,2017-07-05 오전 7:32,62780,395.0,1,네이버 페이,2017-06-25,2017,6,Sunday,25,주말,2017-06-26,2017-07-05,9 days,9
45512,카드,D-20170626-0000011-01,2017-06-26 오후 4:01,2017-07-05 오전 11:22,62780,395.0,1,네이버 페이,2017-06-26,2017,6,Monday,26,주중,2017-06-26,2017-07-05,9 days,9
45531,무통장입금,D-20170630-0000041-01,2017-06-30 오후 4:40,2017-07-09 오전 5:38,58780,393.0,1,네이버 페이,2017-06-30,2017,6,Friday,26,주중,2017-06-30,2017-07-09,9 days,9
45553,카드,D-20170705-0000024-01,2017-07-06 오전 11:24,2017-07-14 오후 2:56,27000,179.0,2,네이버 페이,2017-07-05,2017,7,Wednesday,27,주중,2017-07-06,2017-07-14,8 days,8
45556,실시간계좌이체,D-20170705-0000048-01,2017-07-06 오전 11:22,2017-07-18 오전 1:18,52200,172.0,1,네이버 페이,2017-07-05,2017,7,Wednesday,27,주중,2017-07-06,2017-07-18,12 days,12
45560,카드,D-20170705-0000079-01,2017-07-06 오후 4:04,2017-07-15 오전 8:46,38640,405.0,3,네이버 페이,2017-07-05,2017,7,Wednesday,27,주중,2017-07-06,2017-07-15,9 days,9
45566,카드,D-20170706-0000052-01,2017-07-10 오전 9:02,2017-07-18 오전 2:06,63600,39.0,1,네이버 페이,2017-07-06,2017,7,Thursday,27,주중,2017-07-10,2017-07-18,8 days,8
45567,카드,D-20170706-0000052-02,2017-07-10 오전 9:02,2017-07-18 오전 2:06,67500,44.0,1,네이버 페이,2017-07-06,2017,7,Thursday,27,주중,2017-07-10,2017-07-18,8 days,8
45568,카드,D-20170706-0000052-03,2017-07-10 오전 9:02,2017-07-18 오전 2:06,109000,40.0,1,네이버 페이,2017-07-06,2017,7,Thursday,27,주중,2017-07-10,2017-07-18,8 days,8
45569,카드,D-20170707-0000016-01,2017-07-10 오전 9:02,2017-07-18 오전 2:24,21110,219.0,1,네이버 페이,2017-07-07,2017,7,Friday,27,주중,2017-07-10,2017-07-18,8 days,8
45570,카드,D-20170707-0000016-02,2017-07-10 오전 9:02,2017-07-18 오전 2:24,53820,388.0,1,네이버 페이,2017-07-07,2017,7,Friday,27,주중,2017-07-10,2017-07-18,8 days,8
45571,카드,D-20170707-0000020-01,2017-07-10 오전 9:02,2017-07-18 오전 2:50,21110,207.0,1,네이버 페이,2017-07-07,2017,7,Friday,27,주중,2017-07-10,2017-07-18,8 days,8
45572,카드,D-20170707-0000020-02,2017-07-10 오전 9:02,2017-07-18 오전 2:50,72280,396.0,1,네이버 페이,2017-07-07,2017,7,Friday,27,주중,2017-07-10,2017-07-18,8 days,8
45599,무통장입금,D-20170711-0000013-01,2017-07-12 오후 3:48,2017-07-21 오전 5:54,15300,67.0,1,네이버 페이,2017-07-11,2017,7,Tuesday,28,주중,2017-07-12,2017-07-21,9 days,9
45603,카드,D-20170713-0000044-01,2017-07-13 오후 3:58,2017-07-22 오후 4:22,20000,215.0,1,네이버 페이,2017-07-13,2017,7,Thursday,28,주중,2017-07-13,2017-07-22,9 days,9
45620,카드,D-20170717-0000131-01,2017-07-18 오후 6:09,2017-07-27 오후 4:14,21100,217.0,1,네이버 페이,2017-07-17,2017,7,Monday,29,주중,2017-07-18,2017-07-27,9 days,9
45621,카드,D-20170717-0000131-02,2017-07-18 오후 6:09,2017-07-25 오후 11:08,46670,392.0,1,네이버 페이,2017-07-17,2017,7,Monday,29,주중,2017-07-18,2017-07-25,7 days,7
45626,무통장입금,D-20170718-0000053-01,2017-07-19 오후 4:13,2017-07-29 오전 5:58,42220,207.0,2,네이버 페이,2017-07-18,2017,7,Tuesday,29,주중,2017-07-19,2017-07-29,10 days,10
45629,카드,D-20170718-0000078-01,2017-07-19 오후 4:13,2017-07-29 오전 7:06,47000,248.0,1,네이버 페이,2017-07-18,2017,7,Tuesday,29,주중,2017-07-19,2017-07-29,10 days,10
45637,카드,D-20170720-0000027-01,2017-07-20 오후 4:23,2017-07-29 오후 6:14,21100,217.0,1,네이버 페이,2017-07-20,2017,7,Thursday,29,주중,2017-07-20,2017-07-29,9 days,9
45638,카드,D-20170720-0000027-02,2017-07-20 오후 4:23,2017-07-29 오후 6:14,46670,392.0,1,네이버 페이,2017-07-20,2017,7,Thursday,29,주중,2017-07-20,2017-07-29,9 days,9
45642,무통장입금,D-20170721-0000010-01,2017-07-21 오후 5:17,2017-07-29 오후 12:01,86950,84.0,1,네이버 페이,2017-07-21,2017,7,Friday,29,주중,2017-07-21,2017-07-29,8 days,8
45643,카드,D-20170721-0000029-01,2017-07-21 오후 5:15,2017-07-30 오전 11:16,117560,393.0,2,네이버 페이,2017-07-21,2017,7,Friday,29,주중,2017-07-21,2017-07-30,9 days,9
45652,카드,D-20170724-0000019-01,2017-07-24 오후 4:14,2017-08-02 오전 10:26,96850,90.0,1,네이버 페이,2017-07-24,2017,7,Monday,30,주중,2017-07-24,2017-08-02,9 days,9
45655,무통장입금,D-20170724-0000043-02,2017-07-24 오후 4:14,2017-08-02 오전 11:04,117560,393.0,2,네이버 페이,2017-07-24,2017,7,Monday,30,주중,2017-07-24,2017-08-02,9 days,9
45670,카드,D-20170725-0000051-01,2017-07-25 오후 4:15,2017-08-03 오후 7:36,27000,189.0,2,네이버 페이,2017-07-25,2017,7,Tuesday,30,주중,2017-07-25,2017-08-03,9 days,9
45671,카드,D-20170725-0000051-02,2017-07-25 오후 4:15,2017-08-03 오후 7:36,12500,59.0,1,네이버 페이,2017-07-25,2017,7,Tuesday,30,주중,2017-07-25,2017-08-03,9 days,9
45672,카드,D-20170725-0000051-03,2017-07-26 오전 11:02,2017-08-03 오후 7:36,78600,378.0,1,네이버 페이,2017-07-25,2017,7,Tuesday,30,주중,2017-07-26,2017-08-03,8 days,8
45673,카드,D-20170725-0000062-01,2017-07-26 오후 3:58,2017-08-08 오전 1:12,20000,215.0,1,네이버 페이,2017-07-25,2017,7,Tuesday,30,주중,2017-07-26,2017-08-08,13 days,13
45695,카드,D-20170728-0000011-01,2017-07-28 오후 4:50,2017-08-06 오전 10:48,58780,393.0,1,네이버 페이,2017-07-28,2017,7,Friday,30,주중,2017-07-28,2017-08-06,9 days,9
45698,카드,D-20170729-0000018-01,2017-08-01 오전 11:04,2017-08-09 오전 6:00,118850,94.0,1,네이버 페이,2017-07-29,2017,7,Saturday,30,주말,2017-08-01,2017-08-09,8 days,8
45701,카드,D-20170730-0000012-01,2017-07-31 오후 4:42,2017-08-12 오전 1:36,53600,455.0,1,네이버 페이,2017-07-30,2017,7,Sunday,30,주말,2017-07-31,2017-08-12,12 days,12
45708,카드,D-20170731-0000047-01,2017-07-31 오후 4:42,2017-08-12 오전 1:58,42220,207.0,2,네이버 페이,2017-07-31,2017,7,Monday,31,주중,2017-07-31,2017-08-12,12 days,12
45729,휴대폰,D-20170803-0000045-01,2017-08-04 오후 4:21,2017-08-24 오전 12:56,27000,179.0,2,네이버 페이,2017-08-03,2017,8,Thursday,31,주중,2017-08-04,2017-08-24,20 days,20
45733,실시간계좌이체,D-20170803-0000081-01,2017-08-04 오후 4:21,2017-08-24 오전 12:58,53600,172.0,1,네이버 페이,2017-08-03,2017,8,Thursday,31,주중,2017-08-04,2017-08-24,20 days,20
45748,카드,D-20170808-0000017-01,2017-08-08 오후 4:06,2017-08-28 오전 12:52,42220,207.0,2,네이버 페이,2017-08-08,2017,8,Tuesday,32,주중,2017-08-08,2017-08-28,20 days,20
45774,카드,D-20170812-0000013-01,2017-08-14 오후 4:50,2017-08-24 오전 6:36,58780,393.0,1,네이버 페이,2017-08-12,2017,8,Saturday,32,주말,2017-08-14,2017-08-24,10 days,10
45776,카드,D-20170813-0000014-01,2017-08-16 오후 5:40,2017-08-26 오전 4:36,42220,207.0,2,네이버 페이,2017-08-13,2017,8,Sunday,32,주말,2017-08-16,2017-08-26,10 days,10
45816,카드,D-20170822-0000016-01,2017-08-22 오후 6:11,2017-09-04 오전 12:50,63330,207.0,3,네이버 페이,2017-08-22,2017,8,Tuesday,34,주중,2017-08-22,2017-09-04,13 days,13
45819,실시간계좌이체,D-20170822-0000066-01,2017-08-23 오후 4:55,2017-09-01 오전 8:42,73200,184.0,1,네이버 페이,2017-08-22,2017,8,Tuesday,34,주중,2017-08-23,2017-09-01,9 days,9
45820,실시간계좌이체,D-20170822-0000074-01,2017-08-23 오후 4:55,2017-09-01 오전 8:42,65440,42.0,1,네이버 페이,2017-08-22,2017,8,Tuesday,34,주중,2017-08-23,2017-09-01,9 days,9
45845,카드,D-20170829-0000023-02,2017-08-29 오후 4:33,2017-09-07 오후 6:46,58780,393.0,1,네이버 페이,2017-08-29,2017,8,Tuesday,35,주중,2017-08-29,2017-09-07,9 days,9
45846,카드,D-20170829-0000023-02,2017-08-29 오후 4:33,2017-09-07 오후 6:46,21110,217.0,1,네이버 페이,2017-08-29,2017,8,Tuesday,35,주중,2017-08-29,2017-09-07,9 days,9
45882,카드,D-20170904-0000022-01,2017-09-04 오후 4:49,2017-09-14 오전 10:44,63330,207.0,3,네이버 페이,2017-09-04,2017,9,Monday,36,주중,2017-09-04,2017-09-14,10 days,10
45892,무통장입금,D-20170905-0000042-01,2017-09-05 오후 4:15,2017-09-15 오전 2:44,10820,220.0,2,네이버 페이,2017-09-05,2017,9,Tuesday,36,주중,2017-09-05,2017-09-15,10 days,10
45893,무통장입금,D-20170905-0000042-02,2017-09-05 오후 4:15,2017-09-15 오전 2:44,19240,404.0,2,네이버 페이,2017-09-05,2017,9,Tuesday,36,주중,2017-09-05,2017-09-15,10 days,10
45915,카드,D-20170913-0000019-01,2017-09-13 오후 4:16,2017-09-23 오전 5:58,83300,449.0,1,네이버 페이,2017-09-13,2017,9,Wednesday,37,주중,2017-09-13,2017-09-23,10 days,10
45928,카드,D-20170915-0000014-01,2017-09-15 오후 4:32,2017-09-24 오전 9:58,21110,207.0,1,네이버 페이,2017-09-15,2017,9,Friday,37,주중,2017-09-15,2017-09-24,9 days,9
45929,카드,D-20170915-0000014-02,2017-09-15 오후 4:32,2017-09-24 오전 9:58,62780,395.0,1,네이버 페이,2017-09-15,2017,9,Friday,37,주중,2017-09-15,2017-09-24,9 days,9
45933,카드,D-20170915-0000055-01,2017-09-18 오후 4:34,2017-09-28 오전 3:32,63330,207.0,3,네이버 페이,2017-09-15,2017,9,Friday,37,주중,2017-09-18,2017-09-28,10 days,10
45934,카드,D-20170915-0000074-01,2017-09-18 오후 4:34,2017-09-28 오전 3:34,55800,170.0,1,네이버 페이,2017-09-15,2017,9,Friday,37,주중,2017-09-18,2017-09-28,10 days,10
45939,실시간계좌이체,D-20170917-0000018-01,2017-09-18 오후 4:34,2017-09-27 오전 9:16,73200,184.0,1,네이버 페이,2017-09-17,2017,9,Sunday,37,주말,2017-09-18,2017-09-27,9 days,9
45946,카드,D-20170918-0000057-01,2017-09-19 오후 4:44,2017-09-28 오후 1:10,58780,393.0,1,네이버 페이,2017-09-18,2017,9,Monday,38,주중,2017-09-19,2017-09-28,9 days,9
45947,카드,D-20170918-0000057-02,2017-09-19 오후 4:44,2017-09-29 오전 4:42,21110,217.0,1,네이버 페이,2017-09-18,2017,9,Monday,38,주중,2017-09-19,2017-09-29,10 days,10
45956,실시간계좌이체,D-20170920-0000049-01,2017-09-20 오후 5:40,2017-09-29 오전 11:38,93000,88.0,1,네이버 페이,2017-09-20,2017,9,Wednesday,38,주중,2017-09-20,2017-09-29,9 days,9
45963,카드,D-20170920-0000107-01,2017-09-20 오후 5:40,2017-09-30 오전 7:08,21110,207.0,1,네이버 페이,2017-09-20,2017,9,Wednesday,38,주중,2017-09-20,2017-09-30,10 days,10
45964,카드,D-20170920-0000107-02,2017-09-20 오후 5:40,2017-09-30 오전 7:08,87220,397.0,1,네이버 페이,2017-09-20,2017,9,Wednesday,38,주중,2017-09-20,2017-09-30,10 days,10
45973,카드,D-20170921-0000022-01,2017-09-21 오후 4:24,2017-09-30 오후 12:32,20000,205.0,1,네이버 페이,2017-09-21,2017,9,Thursday,38,주중,2017-09-21,2017-09-30,9 days,9
45978,카드,D-20170922-0000047-01,2017-09-22 오후 4:08,2017-10-01 오후 12:34,107640,388.0,2,네이버 페이,2017-09-22,2017,9,Friday,38,주중,2017-09-22,2017-10-01,9 days,9
45988,카드,D-20170924-0000042-01,2017-09-25 오후 5:06,2017-10-07 오전 2:54,126660,207.0,6,네이버 페이,2017-09-24,2017,9,Sunday,38,주말,2017-09-25,2017-10-07,12 days,12
45993,카드,D-20170924-0000068-01,2017-09-25 오후 5:06,2017-10-05 오전 9:58,20000,205.0,1,네이버 페이,2017-09-24,2017,9,Sunday,38,주말,2017-09-25,2017-10-05,10 days,10
45994,카드,D-20170924-0000068-02,2017-09-25 오후 5:06,2017-10-05 오전 9:58,62780,395.0,1,네이버 페이,2017-09-24,2017,9,Sunday,38,주말,2017-09-25,2017-10-05,10 days,10
46008,카드,D-20170925-0000078-01,2017-09-26 오후 1:42,2017-10-04 오전 11:12,40000,205.0,2,네이버 페이,2017-09-25,2017,9,Monday,39,주중,2017-09-26,2017-10-04,8 days,8
46010,카드,D-20170925-0000116-01,2017-09-25 오후 5:06,2017-10-05 오후 1:22,20000,215.0,1,네이버 페이,2017-09-25,2017,9,Monday,39,주중,2017-09-25,2017-10-05,10 days,10
46011,카드,D-20170925-0000116-02,2017-09-25 오후 5:06,2017-10-05 오후 1:22,58780,393.0,1,네이버 페이,2017-09-25,2017,9,Monday,39,주중,2017-09-25,2017-10-05,10 days,10
46012,카드,D-20170925-0000128-01,2017-09-25 오후 5:06,2017-10-04 오전 11:18,20000,205.0,1,네이버 페이,2017-09-25,2017,9,Monday,39,주중,2017-09-25,2017-10-04,9 days,9
46014,카드,D-20170925-0000145-02,2017-09-25 오후 5:06,2017-10-04 오전 11:18,93340,392.0,2,네이버 페이,2017-09-25,2017,9,Monday,39,주중,2017-09-25,2017-10-04,9 days,9
46016,카드,D-20170926-0000016-01,2017-09-26 오후 4:29,2017-10-06 오전 8:42,21110,219.0,1,네이버 페이,2017-09-26,2017,9,Tuesday,39,주중,2017-09-26,2017-10-06,10 days,10
46017,카드,D-20170926-0000016-02,2017-09-26 오후 4:29,2017-10-06 오전 8:42,53820,388.0,1,네이버 페이,2017-09-26,2017,9,Tuesday,39,주중,2017-09-26,2017-10-06,10 days,10
46023,카드,D-20170927-0000078-01,2017-09-27 오후 4:24,2017-10-07 오전 10:18,5410,218.0,1,네이버 페이,2017-09-27,2017,9,Wednesday,39,주중,2017-09-27,2017-10-07,10 days,10
46024,카드,D-20170927-0000078-02,2017-09-27 오후 4:24,2017-10-07 오전 10:18,9620,404.0,1,네이버 페이,2017-09-27,2017,9,Wednesday,39,주중,2017-09-27,2017-10-07,10 days,10
46033,무통장입금,D-20171006-0000016-01,2017-10-10 오후 5:36,2017-10-22 오전 3:26,21110,219.0,1,네이버 페이,2017-10-06,2017,10,Friday,40,주중,2017-10-10,2017-10-22,12 days,12
46034,무통장입금,D-20171006-0000016-02,2017-10-10 오후 5:43,2017-10-22 오전 3:26,53820,388.0,1,네이버 페이,2017-10-06,2017,10,Friday,40,주중,2017-10-10,2017-10-22,12 days,12
46035,무통장입금,D-20171006-0000028-01,2017-10-13 오전 11:02,2017-11-02 오전 12:43,93000,86.0,1,네이버 페이,2017-10-06,2017,10,Friday,40,주중,2017-10-13,2017-11-02,20 days,20
46036,무통장입금,D-20171006-0000028-02,2017-10-13 오전 11:02,2017-11-02 오전 12:43,86950,84.0,1,네이버 페이,2017-10-06,2017,10,Friday,40,주중,2017-10-13,2017-11-02,20 days,20
46039,카드,D-20171007-0000029-01,2017-10-10 오후 5:36,2017-10-22 오전 4:10,93000,88.0,1,네이버 페이,2017-10-07,2017,10,Saturday,40,주말,2017-10-10,2017-10-22,12 days,12
46040,카드,D-20171007-0000029-02,2017-10-10 오후 5:36,2017-10-22 오전 4:10,83300,451.0,1,네이버 페이,2017-10-07,2017,10,Saturday,40,주말,2017-10-10,2017-10-22,12 days,12
46052,카드,D-20171011-0000014-01,2017-10-13 오전 8:44,2017-10-22 오전 8:11,5310,216.0,1,네이버 페이,2017-10-11,2017,10,Wednesday,41,주중,2017-10-13,2017-10-22,9 days,9
46053,카드,D-20171011-0000014-02,2017-10-13 오전 8:44,2017-10-20 오후 6:16,5410,220.0,1,네이버 페이,2017-10-11,2017,10,Wednesday,41,주중,2017-10-13,2017-10-20,7 days,7
46082,적립금,D-20171016-0000011-01,2017-10-16 오후 5:25,2017-10-23 오후 5:44,104000,92.0,1,네이버 페이,2017-10-16,2017,10,Monday,42,주중,2017-10-16,2017-10-23,7 days,7
46104,카드,D-20171019-0000021-01,2017-10-19 오후 3:28,2017-11-01 오전 3:18,20000,205.0,1,네이버 페이,2017-10-19,2017,10,Thursday,42,주중,2017-10-19,2017-11-01,13 days,13
46122,실시간계좌이체,D-20171023-0000041-01,2017-10-23 오후 4:37,2017-11-02 오전 5:53,73200,184.0,1,네이버 페이,2017-10-23,2017,10,Monday,43,주중,2017-10-23,2017-11-02,10 days,10
46134,카드,D-20171025-0000029-01,2017-10-25 오후 4:57,2017-11-08 오전 9:38,66670,43.0,1,네이버 페이,2017-10-25,2017,10,Wednesday,43,주중,2017-10-25,2017-11-08,14 days,14
46137,카드,D-20171025-0000057-01,2017-10-25 오후 5:11,2017-11-04 오전 3:54,20000,215.0,1,네이버 페이,2017-10-25,2017,10,Wednesday,43,주중,2017-10-25,2017-11-04,10 days,10
46138,카드,D-20171025-0000057-02,2017-10-25 오후 5:11,2017-11-04 오전 3:54,53820,388.0,1,네이버 페이,2017-10-25,2017,10,Wednesday,43,주중,2017-10-25,2017-11-04,10 days,10
46139,카드,D-20171025-0000062-01,2017-10-26 오후 4:13,2017-11-05 오전 1:54,20000,205.0,1,네이버 페이,2017-10-25,2017,10,Wednesday,43,주중,2017-10-26,2017-11-05,10 days,10
46147,무통장입금,D-20171026-0000054-01,2017-10-26 오후 4:17,2017-11-04 오전 6:25,53600,172.0,1,네이버 페이,2017-10-26,2017,10,Thursday,43,주중,2017-10-26,2017-11-04,9 days,9
46158,휴대폰,D-20171028-0000025-01,2017-10-30 오후 5:24,2017-11-08 오전 3:04,81430,479.0,1,네이버 페이,2017-10-28,2017,10,Saturday,43,주말,2017-10-30,2017-11-08,9 days,9
46162,휴대폰,D-20171028-0000088-01,2017-10-30 오후 5:24,2017-11-09 오전 3:04,20000,215.0,1,네이버 페이,2017-10-28,2017,10,Saturday,43,주말,2017-10-30,2017-11-09,10 days,10
46163,휴대폰,D-20171028-0000088-02,2017-10-30 오후 5:24,2017-11-09 오전 3:04,53820,388.0,1,네이버 페이,2017-10-28,2017,10,Saturday,43,주말,2017-10-30,2017-11-09,10 days,10
46166,카드,D-20171029-0000041-01,2017-10-30 오후 5:24,2017-11-09 오전 3:58,93000,88.0,1,네이버 페이,2017-10-29,2017,10,Sunday,43,주말,2017-10-30,2017-11-09,10 days,10
46170,무통장입금,D-20171030-0000041-01,2017-10-31 오후 4:30,2017-11-07 오후 12:02,43000,246.0,1,네이버 페이,2017-10-30,2017,10,Monday,44,주중,2017-10-31,2017-11-07,7 days,7
46210,카드,D-20171105-0000038-01,2017-11-06 오후 4:33,2017-11-16 오전 5:13,21200,217.0,1,네이버 페이,2017-11-05,2017,11,Sunday,44,주말,2017-11-06,2017-11-16,10 days,10
46211,카드,D-20171105-0000038-02,2017-11-06 오후 4:33,2017-11-16 오전 5:13,58820,393.0,1,네이버 페이,2017-11-05,2017,11,Sunday,44,주말,2017-11-06,2017-11-16,10 days,10
46231,카드,D-20171108-0000128-01,2017-11-08 오후 4:56,2017-11-18 오전 7:54,37700,553.0,1,네이버 페이,2017-11-08,2017,11,Wednesday,45,주중,2017-11-08,2017-11-18,10 days,10
46232,카드,D-20171108-0000131-01,2017-11-08 오후 4:56,2017-11-18 오전 7:54,86240,478.0,1,네이버 페이,2017-11-08,2017,11,Wednesday,45,주중,2017-11-08,2017-11-18,10 days,10
46238,카드,D-20171108-0000235-01,2017-11-09 오후 4:10,2017-11-19 오전 2:16,20100,205.0,1,네이버 페이,2017-11-08,2017,11,Wednesday,45,주중,2017-11-09,2017-11-19,10 days,10
46240,실시간계좌이체,D-20171109-0000041-01,2017-11-09 오후 4:10,2017-11-18 오전 10:26,13500,177.0,1,네이버 페이,2017-11-09,2017,11,Thursday,45,주중,2017-11-09,2017-11-18,9 days,9
46242,카드,D-20171109-0000070-01,2017-11-10 오후 4:42,2017-11-22 오전 1:21,76450,44.0,1,네이버 페이,2017-11-09,2017,11,Thursday,45,주중,2017-11-10,2017-11-22,12 days,12
46280,무통장입금,D-20171113-0000175-01,2017-11-14 오후 4:46,2017-11-23 오후 2:20,93000,88.0,1,네이버 페이,2017-11-13,2017,11,Monday,46,주중,2017-11-14,2017-11-23,9 days,9
46328,카드,D-20171115-0000175-01,2017-11-16 오후 5:14,2017-11-25 오전 4:54,177980,442.0,1,네이버 페이,2017-11-15,2017,11,Wednesday,46,주중,2017-11-16,2017-11-25,9 days,9
46330,실시간계좌이체,D-20171116-0000032-01,2017-11-17 오전 10:46,2017-11-25 오전 6:26,73460,184.0,1,네이버 페이,2017-11-16,2017,11,Thursday,46,주중,2017-11-17,2017-11-25,8 days,8
46345,무통장입금,D-20171117-0000074-01,2017-11-20 오후 5:02,2017-11-30 오전 1:58,21200,219.0,1,네이버 페이,2017-11-17,2017,11,Friday,46,주중,2017-11-20,2017-11-30,10 days,10
46346,무통장입금,D-20171117-0000074-02,2017-11-20 오후 5:02,2017-11-30 오전 1:58,53870,388.0,1,네이버 페이,2017-11-17,2017,11,Friday,46,주중,2017-11-20,2017-11-30,10 days,10
46350,카드,D-20171118-0000019-01,2017-11-20 오후 5:02,2017-12-10 오전 12:51,53900,447.0,1,네이버 페이,2017-11-18,2017,11,Saturday,46,주말,2017-11-20,2017-12-10,20 days,20
46358,카드,D-20171120-0000013-01,2017-11-20 오후 5:02,2017-11-30 오전 5:49,29200,66.0,2,네이버 페이,2017-11-20,2017,11,Monday,47,주중,2017-11-20,2017-11-30,10 days,10
46359,카드,D-20171120-0000035-01,2017-11-20 오후 5:02,2017-11-30 오전 6:05,25600,558.0,1,네이버 페이,2017-11-20,2017,11,Monday,47,주중,2017-11-20,2017-11-30,10 days,10
46360,카드,D-20171120-0000035-02,2017-11-20 오후 5:02,2017-11-27 오후 6:34,37700,553.0,1,네이버 페이,2017-11-20,2017,11,Monday,47,주중,2017-11-20,2017-11-27,7 days,7
46388,카드,D-20171123-0000038-01,2017-11-23 오후 4:58,2017-12-02 오전 6:40,68950,100.0,1,네이버 페이,2017-11-23,2017,11,Thursday,47,주중,2017-11-23,2017-12-02,9 days,9
46389,카드,D-20171123-0000038-02,2017-11-23 오후 4:58,2017-12-02 오전 6:40,77880,98.0,1,네이버 페이,2017-11-23,2017,11,Thursday,47,주중,2017-11-23,2017-12-02,9 days,9
46390,카드,D-20171123-0000038-03,2017-11-23 오후 4:58,2017-12-02 오전 6:40,73530,297.0,1,네이버 페이,2017-11-23,2017,11,Thursday,47,주중,2017-11-23,2017-12-02,9 days,9
46394,무통장입금,D-20171123-0000061-01,2017-11-24 오후 6:42,2017-12-03 오전 3:42,53900,447.0,1,네이버 페이,2017-11-23,2017,11,Thursday,47,주중,2017-11-24,2017-12-03,9 days,9
46395,무통장입금,D-20171123-0000077-01,2017-11-24 오후 6:00,2017-12-03 오전 3:44,83710,46.0,1,네이버 페이,2017-11-23,2017,11,Thursday,47,주중,2017-11-24,2017-12-03,9 days,9
46396,무통장입금,D-20171123-0000088-01,2017-11-24 오후 6:00,2017-12-03 오전 3:44,84700,380.0,1,네이버 페이,2017-11-23,2017,11,Thursday,47,주중,2017-11-24,2017-12-03,9 days,9
46397,무통장입금,D-20171123-0000092-01,2017-11-24 오후 6:00,2017-12-03 오전 3:44,79200,602.0,1,네이버 페이,2017-11-23,2017,11,Thursday,47,주중,2017-11-24,2017-12-03,9 days,9
46407,카드,D-20171124-0000111-01,2017-11-27 오후 5:08,2017-12-07 오전 1:57,118850,94.0,1,네이버 페이,2017-11-24,2017,11,Friday,47,주중,2017-11-27,2017-12-07,10 days,10
46440,무통장입금,D-20171129-0000036-01,2017-11-29 오후 5:39,2017-12-08 오전 6:50,78870,45.0,1,네이버 페이,2017-11-29,2017,11,Wednesday,48,주중,2017-11-29,2017-12-08,9 days,9
46464,카드,D-20171201-0000104-01,2017-12-04 오후 5:57,2017-12-14 오전 1:53,118850,94.0,1,네이버 페이,2017-12-01,2017,12,Friday,48,주중,2017-12-04,2017-12-14,10 days,10
46465,무통장입금,D-20171201-0000113-01,2017-12-04 오후 5:57,2017-12-13 오전 1:09,12500,59.0,1,네이버 페이,2017-12-01,2017,12,Friday,48,주중,2017-12-04,2017-12-13,9 days,9
46466,무통장입금,D-20171201-0000113-02,2017-12-04 오후 5:57,2017-12-14 오전 1:09,53900,455.0,1,네이버 페이,2017-12-01,2017,12,Friday,48,주중,2017-12-04,2017-12-14,10 days,10
46471,실시간계좌이체,D-20171202-0000011-02,2017-12-04 오후 5:57,2017-12-14 오전 2:36,53870,388.0,1,네이버 페이,2017-12-02,2017,12,Saturday,48,주말,2017-12-04,2017-12-14,10 days,10
46484,카드,D-20171203-0000028-01,2017-12-04 오후 5:57,2017-12-14 오전 4:58,91350,605.0,1,네이버 페이,2017-12-03,2017,12,Sunday,48,주말,2017-12-04,2017-12-14,10 days,10
46496,실시간계좌이체,D-20171204-0000061-01,2017-12-05 오후 5:20,2017-12-17 오전 1:13,81620,479.0,1,네이버 페이,2017-12-04,2017,12,Monday,49,주중,2017-12-05,2017-12-17,12 days,12
46498,카드,D-20171205-0000015-01,2017-12-05 오후 5:42,2017-12-14 오전 9:03,81400,449.0,1,네이버 페이,2017-12-05,2017,12,Tuesday,49,주중,2017-12-05,2017-12-14,9 days,9
46501,카드,D-20171205-0000041-01,2017-12-05 오후 5:43,2017-12-12 오전 11:26,52800,446.0,1,네이버 페이,2017-12-05,2017,12,Tuesday,49,주중,2017-12-05,2017-12-12,7 days,7
46502,카드,D-20171205-0000058-01,2017-12-05 오후 5:43,2017-12-12 오전 11:26,56100,172.0,1,네이버 페이,2017-12-05,2017,12,Tuesday,49,주중,2017-12-05,2017-12-12,7 days,7
46504,실시간계좌이체,D-20171205-0000076-01,2017-12-05 오후 6:05,2017-12-15 오전 4:30,110600,70.0,1,네이버 페이,2017-12-05,2017,12,Tuesday,49,주중,2017-12-05,2017-12-15,10 days,10
46505,실시간계좌이체,D-20171205-0000076-03,2017-12-05 오후 6:04,2017-12-15 오전 4:30,177980,442.0,1,네이버 페이,2017-12-05,2017,12,Tuesday,49,주중,2017-12-05,2017-12-15,10 days,10
46506,실시간계좌이체,D-20171205-0000076-03,2017-12-05 오후 6:05,2017-12-15 오전 4:30,73460,188.0,1,네이버 페이,2017-12-05,2017,12,Tuesday,49,주중,2017-12-05,2017-12-15,10 days,10
46518,카드,D-20171205-0000173-01,2017-12-06 오후 4:19,2017-12-14 오전 9:52,79200,603.0,1,네이버 페이,2017-12-05,2017,12,Tuesday,49,주중,2017-12-06,2017-12-14,8 days,8
46525,카드,D-20171207-0000067-01,2017-12-07 오후 5:09,2017-12-23 오후 5:10,91350,605.0,1,네이버 페이,2017-12-07,2017,12,Thursday,49,주중,2017-12-07,2017-12-23,16 days,16
46545,카드,D-20171209-0000023-01,2017-12-11 오후 5:12,2017-12-20 오전 3:34,104000,92.0,1,네이버 페이,2017-12-09,2017,12,Saturday,49,주말,2017-12-11,2017-12-20,9 days,9
46546,카드,D-20171209-0000035-01,2017-12-11 오후 5:12,2017-12-21 오전 2:54,27110,89.0,1,네이버 페이,2017-12-09,2017,12,Saturday,49,주말,2017-12-11,2017-12-21,10 days,10
46548,실시간계좌이체,D-20171209-0000056-01,2017-12-11 오후 5:34,2017-12-20 오전 4:04,73460,176.0,1,네이버 페이,2017-12-09,2017,12,Saturday,49,주말,2017-12-11,2017-12-20,9 days,9
46550,카드,D-20171210-0000011-01,2017-12-11 오후 5:12,2017-12-20 오전 4:52,91350,605.0,1,네이버 페이,2017-12-10,2017,12,Sunday,49,주말,2017-12-11,2017-12-20,9 days,9
46551,실시간계좌이체,D-20171210-0000024-01,2017-12-11 오후 5:12,2017-12-21 오전 4:44,40200,215.0,2,네이버 페이,2017-12-10,2017,12,Sunday,49,주말,2017-12-11,2017-12-21,10 days,10
46574,카드,D-20171211-0000135-01,2017-12-11 오후 5:34,2017-12-22 오전 2:56,96850,90.0,1,네이버 페이,2017-12-11,2017,12,Monday,50,주중,2017-12-11,2017-12-22,11 days,11
46580,실시간계좌이체,D-20171212-0000054-01,2017-12-13 오후 4:19,2017-12-23 오전 2:40,73460,184.0,1,네이버 페이,2017-12-12,2017,12,Tuesday,50,주중,2017-12-13,2017-12-23,10 days,10
46593,카드,D-20171213-0000077-01,2017-12-13 오후 4:23,2017-12-23 오전 4:52,104000,92.0,1,네이버 페이,2017-12-13,2017,12,Wednesday,50,주중,2017-12-13,2017-12-23,10 days,10
46609,카드,D-20171215-0000011-02,2017-12-18 오전 8:29,2017-12-30 오전 5:36,12370,310.0,1,PC쇼핑몰,2017-12-15,2017,12,Friday,50,주중,2017-12-18,2017-12-30,12 days,12
46621,휴대폰,D-20171215-0000102-01,2017-12-18 오전 8:32,2017-12-26 오전 1:52,57800,557.0,2,네이버 페이,2017-12-15,2017,12,Friday,50,주중,2017-12-18,2017-12-26,8 days,8
46622,휴대폰,D-20171215-0000102-02,2017-12-18 오전 8:32,2017-12-26 오전 1:52,66600,554.0,2,네이버 페이,2017-12-15,2017,12,Friday,50,주중,2017-12-18,2017-12-26,8 days,8
46642,실시간계좌이체,D-20171218-0000086-01,2017-12-19 오후 4:37,2018-01-08 오전 12:46,73460,176.0,1,네이버 페이,2017-12-18,2017,12,Monday,51,주중,2017-12-19,2018-01-08,20 days,20
46655,무통장입금,D-20171220-0000070-01,2017-12-20 오후 6:06,2017-12-29 오전 7:16,47300,248.0,1,네이버 페이,2017-12-20,2017,12,Wednesday,51,주중,2017-12-20,2017-12-29,9 days,9
46660,카드,D-20171221-0000071-02,2017-12-22 오후 4:48,2018-01-01 오전 1:02,5500,62.0,1,네이버 페이,2017-12-21,2017,12,Thursday,51,주중,2017-12-22,2018-01-01,10 days,10
46661,카드,D-20171221-0000071-02,2017-12-22 오후 4:48,2017-12-31 오전 4:12,110600,70.0,1,네이버 페이,2017-12-21,2017,12,Thursday,51,주중,2017-12-22,2017-12-31,9 days,9
46662,카드,D-20171221-0000071-03,2017-12-22 오후 4:48,2017-12-31 오전 4:12,115000,72.0,1,네이버 페이,2017-12-21,2017,12,Thursday,51,주중,2017-12-22,2017-12-31,9 days,9
46668,실시간계좌이체,D-20171221-0000135-01,2017-12-22 오후 4:49,2017-12-31 오전 4:50,79200,602.0,1,네이버 페이,2017-12-21,2017,12,Thursday,51,주중,2017-12-22,2017-12-31,9 days,9
46669,실시간계좌이체,D-20171221-0000135-03,2017-12-22 오후 4:49,2017-12-31 오전 4:50,107800,608.0,1,네이버 페이,2017-12-21,2017,12,Thursday,51,주중,2017-12-22,2017-12-31,9 days,9
46677,무통장입금,D-20171223-0000053-01,2017-12-26 오후 5:31,2018-01-04 오전 3:12,47340,246.0,1,네이버 페이,2017-12-23,2017,12,Saturday,51,주말,2017-12-26,2018-01-04,9 days,9
46680,카드,D-20171223-0000084-01,2017-12-26 오후 5:31,2018-01-05 오전 3:10,96850,90.0,1,네이버 페이,2017-12-23,2017,12,Saturday,51,주말,2017-12-26,2018-01-05,10 days,10
46689,카드,D-20171226-0000028-01,2017-12-26 오후 5:31,2018-01-04 오전 9:05,56100,172.0,1,네이버 페이,2017-12-26,2017,12,Tuesday,52,주중,2017-12-26,2018-01-04,9 days,9
46719,무통장입금,D-20171227-0000106-01,2017-12-28 오후 5:54,2018-01-06 오전 1:18,104000,68.0,1,네이버 페이,2017-12-27,2017,12,Wednesday,52,주중,2017-12-28,2018-01-06,9 days,9
46737,카드,D-20171228-0000132-01,2017-12-29 오후 4:34,2018-01-07 오전 4:55,74000,483.0,1,네이버 페이,2017-12-28,2017,12,Thursday,52,주중,2017-12-29,2018-01-07,9 days,9
46740,카드,D-20171228-0000132-04,2017-12-29 오후 4:34,2018-01-07 오전 4:55,69960,293.0,1,네이버 페이,2017-12-28,2017,12,Thursday,52,주중,2017-12-29,2018-01-07,9 days,9
46741,카드,D-20171228-0000132-05,2017-12-29 오후 4:34,2018-01-07 오전 4:55,63140,305.0,1,네이버 페이,2017-12-28,2017,12,Thursday,52,주중,2017-12-29,2018-01-07,9 days,9
46746,카드,D-20171230-0000022-01,2018-01-02 오후 7:06,2018-01-11 오전 2:46,36000,140.0,1,네이버 페이,2017-12-30,2017,12,Saturday,52,주말,2018-01-02,2018-01-11,9 days,9
